2013,ARI,A.Dixon,0,7,0,0	
2013,ARI,A.Ellington,0,638,3,0	
2013,ARI,A.Smith,0,54,1,0	
2013,ARI,C.Kaepernick,0,8,0,0	
2013,ARI,C.Palmer,4279,23,26,2	
2013,ARI,L.Fitzgerald,0,8,0,0	
2013,ARI,P.Peterson,17,25,0,1	
2013,ARI,R.Mendenhall,0,706,8,1	
2013,ARI,S.Taylor,0,99,0,0	
2013,ATL,A.Smith,0,145,2,0	
2013,ATL,Dom.Davis,34,0,0,1	
2013,ATL,J.Jones,0,7,0,0	
2013,ATL,J.Rodgers,0,333,2,0	
2013,ATL,J.Snelling,0,164,1,0	
2013,ATL,J.Vaughan,0,1,0,0	
2013,ATL,M.Ryan,4528,71,32,0	
2013,ATL,S.Jackson,0,542,6,0	
2013,BAL,B.Pierce,0,432,2,0	
2013,BAL,B.Scott,0,14,0,0	
2013,BAL,J.Flacco,3952,138,23,2	
2013,BAL,R. Wagner,0,12,0,0	
2013,BAL,R.Rice,0,659,4,1	
2013,BAL,S.Draughn,0,2,0,0	
2013,BAL,T.Taylor,2,64,2,0	
2013,BAL,V.Leach,0,18,0,0	
2013,BUF,C.Spiller,0,936,2,0	
2013,BUF,E.Manuel,2064,221,14,2	
2013,BUF,F.Jackson,0,878,9,0	
2013,BUF,F.Summers,0,46,1,0	
2013,BUF,J.Tuel,314,17,4,0	
2013,BUF,L.Blount,0,13,0,0	
2013,BUF,M.Goodwin,0,13,0,0	
2013,BUF,NA,10,1,0,0	
2013,BUF,P.Thomas,0,4,0,0	
2013,BUF,R.Wingo,0,4,0,0	
2013,BUF,R.Woods,0,16,0,0	
2013,BUF,S.Ridley,0,8,0,0	
2013,BUF,S.Vereen,0,15,0,0	
2013,BUF,T.Brady,0,3,0,0	
2013,BUF,T.Choice,0,126,0,0	
2013,BUF,T.Graham,0,11,0,0	
2013,BUF,T.Lewis,1092,64,5,0	
2013,CAR,A.Smith,0,5,0,0	
2013,CAR,B.LaFell,0,15,0,0	
2013,CAR,C.Newton,3379,603,30,0	
2013,CAR,D.Anderson,0,2,0,0	
2013,CAR,D.Williams,0,76,0,0	
2013,CAR,De.Williams,0,757,3,0	
2013,CAR,J.Stewart,0,180,0,0	
2013,CAR,K.Barner,0,7,0,0	
2013,CAR,M.Tolbert,0,362,6,0	
2013,CAR,R.Brockel,0,1,0,0	
2013,CAR,T.Ginn,0,29,0,0	
2013,CHI,A.Jeffery,0,123,0,0	
2013,CHI,E. Britton,0,111,0,1	
2013,CHI,F.Jones,0,5,0,0	
2013,CHI,J.Cutler,2634,98,24,3	
2013,CHI,J.Dwyer,0,13,0,0	
2013,CHI,J.McCown,1840,74,15,1	
2013,CHI,M.Bush,0,194,3,0	
2013,CHI,M.Forte,0,1257,9,1	
2013,CIN,A.Dalton,4352,200,37,1	
2013,CIN,A.Hawkins,0,3,0,0	
2013,CIN,B.Green-Ellis,0,753,8,0	
2013,CIN,C.Peerman,0,15,0,0	
2013,CIN,G.Bernard,0,703,5,0	
2013,CIN,J.Johnson,0,24,0,0	
2013,CIN,M.Jones,0,65,0,0	
2013,CIN,M.Sanu,25,16,0,0	
2013,CLE,B.Hoyer,615,17,5,0	
2013,CLE,B.Rainey,0,34,0,0	
2013,CLE,B.Weeden,1731,30,10,1	
2013,CLE,C.Ogbonnaya,0,228,0,1	
2013,CLE,E.Baker,0,171,2,0	
2013,CLE,E.Lacy,0,20,0,0	
2013,CLE,F.Whittaker,0,88,0,0	
2013,CLE,J.Aubrey,0,34,0,0	
2013,CLE,J.Campbell,2021,108,13,0	
2013,CLE,J.Dwyer,0,4,0,0	
2013,CLE,J.Gordon,0,66,0,0	
2013,CLE,J.Kuhn,0,1,0,0	
2013,CLE,M.Gray,0,67,0,0	
2013,CLE,NA,0,1,0,0	
2013,CLE,S.Lanning,11,0,1,0	
2013,CLE,T.Benjamin,0,45,0,0	
2013,CLE,T.Richardson,0,105,0,0	
2013,CLE,W.McGahee,0,377,2,0	
2013,DAL,D.Bryant,0,1,0,0	
2013,DAL,D.Harris,0,6,0,0	
2013,DAL,D.Murray,0,1116,9,1	
2013,DAL,J.Randle,0,161,2,0	
2013,DAL,K.Moreno,0,1,0,0	
2013,DAL,K.Orton,398,11,2,1	
2013,DAL,L.Dunbar,0,150,0,0	
2013,DAL,P.Manning,0,4,0,0	
2013,DAL,P.Tanner,0,12,1,0	
2013,DAL,R.Hillman,0,3,0,0	
2013,DAL,T.Romo,3867,40,31,1	
2013,DAL,T.Williams,0,12,0,0	
2013,DEN,A.Caldwell,0,7,0,0	
2013,DEN,B.Osweiler,119,25,0,0	
2013,DEN,C.Anderson,0,38,0,0	
2013,DEN,D.Bruton,0,35,0,0	
2013,DEN,D.Murray,0,12,0,0	
2013,DEN,J.Charles,0,2,0,0	
2013,DEN,K.Moreno,0,990,10,0	
2013,DEN,M.Ball,0,527,5,0	
2013,DEN,M.Jenkins,2,0,0,0	
2013,DEN,NA,0,16,0,0	
2013,DEN,P.Manning,5495,7,60,1	
2013,DEN,R.Hillman,0,217,1,0	
2013,DEN,T.Holliday,0,7,0,0	
2013,DEN,T.Pryor,0,8,0,0	
2013,DEN,T.Romo,0,18,0,0	
2013,DET,J.Bell,0,652,8,0	
2013,DET,J.Ross,0,40,0,0	
2013,DET,M.Leshoure,0,9,0,0	
2013,DET,M.Stafford,4723,86,35,4	
2013,DET,R.Bush,0,1008,6,0	
2013,DET,S.Martin,0,3,0,0	
2013,DET,T.Riddick,0,25,1,0	
2013,GB,A.Rodgers,2564,135,18,1	
2013,GB,B.Weeden,0,7,0,0	
2013,GB,E.Lacy,0,1148,11,0	
2013,GB,F.Whittaker,0,4,0,0	
2013,GB,J.Franklin,0,111,2,0	
2013,GB,J.Kuhn,0,34,1,0	
2013,GB,J.Starks,0,493,3,0	
2013,GB,M.Flynn,1146,66,9,3	
2013,GB,M.Gray,0,3,0,0	
2013,GB,M.Jennings,0,6,0,0	
2013,GB,R.Cobb,0,78,0,0	
2013,GB,S.Tolzien,715,55,3,0	
2013,GB,S.Wallace,139,0,0,0	
2013,GB,W.McGahee,0,13,0,0	
2013,HOU,A.Foster,0,540,1,1	
2013,HOU,B.Tate,0,769,4,0	
2013,HOU,C.Keenum,1774,73,10,0	
2013,HOU,C.Wood,0,12,0,0	
2013,HOU,D.Johnson,0,183,0,0	
2013,HOU,D.Karim,0,51,0,0	
2013,HOU,G.Jones,0,2,0,0	
2013,HOU,J.Grimes,0,73,1,0	
2013,HOU,M.Schaub,2384,24,15,0	
2013,HOU,R.Graham,0,8,0,0	
2013,HOU,S.Keo,0,8,0,0	
2013,HOU,T.Yates,113,2,1,0	
2013,HOU,V.Leach,0,1,0,0	
2013,IND,A.Bradshaw,0,186,2,0	
2013,IND,A.Luck,3878,394,29,6	
2013,IND,C.Johnson,0,8,0,0	
2013,IND,C.Lynch,0,3,0,0	
2013,IND,D.Brown,0,533,6,0	
2013,IND,D.Herron,0,33,0,0	
2013,IND,D.Heyward-Bey,0,26,0,0	
2013,IND,M.Hasselbeck,130,0,0,0	
2013,IND,NA,0,1,0,0	
2013,IND,S.Havili,0,2,0,0	
2013,IND,T.Choice,0,44,0,0	
2013,IND,T.Hilton,0,3,0,0	
2013,IND,T.Richardson,0,457,3,0	
2013,IND,V.Ballard,0,63,0,0	
2013,JAC,A.Sanders,21,4,1,0	
2013,JAC,B.Gabbert,520,32,5,0	
2013,JAC,C.Henne,3241,76,14,1	
2013,JAC,C.Michael,0,2,0,0	
2013,JAC,D.Johnson,0,5,0,0	
2013,JAC,D.Robinson,0,70,0,0	
2013,JAC,J.Forsett,0,31,0,0	
2013,JAC,J.Todman,0,248,1,0	
2013,JAC,M.Jones-Drew,8,793,6,0	
2013,JAC,M.Lynch,0,10,1,0	
2013,JAC,R.Wilson,0,6,0,0	
2013,JAC,W.Ta,0,1,0,0	
2013,KC,A.Jenkins,0,6,0,0	
2013,KC,A.Sherman,0,3,0,0	
2013,KC,A.Smith,3334,437,24,0	
2013,KC,C. Daniel,0,3,0,0	
2013,KC,C.Daniel,242,59,1,0	
2013,KC,C.Gray,0,24,0,0	
2013,KC,D.Avery,0,6,0,0	
2013,KC,D.McCluster,0,6,1,0	
2013,KC,J.Charles,0,1279,11,0	
2013,KC,K.Davis,0,234,4,0	
2013,KC,M.Ball,0,5,0,0	
2013,KC,NA,0,2,0,0	
2013,KC,R.Jennings,0,8,0,0	
2013,MIA,C.Clay,0,15,1,0	
2013,MIA,D.Thomas,0,333,4,0	
2013,MIA,Dan.Thomas,0,6,0,0	
2013,MIA,L.Miller,0,710,3,0	
2013,MIA,M.Gillislee,0,21,0,0	
2013,MIA,M.Thigpen,0,18,0,0	
2013,MIA,M.Wallace,0,33,0,0	
2013,MIA,Mat.Moore,67,0,0,0	
2013,MIA,R.Tannehill,3907,249,26,1	
2013,MIN,A.Peterson,0,1263,10,0	
2013,MIN,C.Patterson,0,158,3,0	
2013,MIN,C.Ponder,1671,156,14,0	
2013,MIN,J.Freeman,190,0,0,0	
2013,MIN,L.Bell,0,4,0,0	
2013,MIN,L.McCoy,0,4,0,0	
2013,MIN,M.Asiata,0,162,3,0	
2013,MIN,M.Cassel,1825,62,13,1	
2013,MIN,T.Gerhart,0,283,2,0	
2013,NE,B.Bolden,0,271,4,0	
2013,NE,C.Spiller,0,79,0,0	
2013,NE,D.Amendola,0,1,0,0	
2013,NE,F.Jackson,0,3,0,0	
2013,NE,J.Develin,0,10,1,0	
2013,NE,J.Edelman,0,11,0,0	
2013,NE,L.Blount,0,780,7,0	
2013,NE,L.Washington,0,1,0,0	
2013,NE,NA,0,3,0,0	
2013,NE,S.Ridley,0,745,9,0	
2013,NE,S.Vereen,0,147,1,1	
2013,NE,T.Brady,4395,41,27,2	
2013,NO,D.Brees,5167,73,46,0	
2013,NO,D.Martin,0,30,0,0	
2013,NO,D.Sproles,0,213,2,0	
2013,NO,F.Jackson,0,2,0,0	
2013,NO,J.Collins,0,45,1,0	
2013,NO,K.Robinson,0,219,1,0	
2013,NO,K.Stills,0,10,0,0	
2013,NO,M.Ingram,0,377,1,0	
2013,NO,NA,0,9,0,0	
2013,NO,P.Thomas,0,521,2,1	
2013,NO,T.Choice,0,3,0,0	
2013,NYG,A.Brown,0,494,3,1	
2013,NYG,B.Jacobs,0,238,3,0	
2013,NYG,B.Pascoe,0,2,0,0	
2013,NYG,C.Painter,57,0,0,0	
2013,NYG,D.Scott,0,73,0,0	
2013,NYG,D.Wilson,0,144,2,0	
2013,NYG,E.Manning,3835,46,22,0	
2013,NYG,J. Brewer,0,1,1,0	
2013,NYG,J.Jernigan,0,57,1,0	
2013,NYG,M.Cox,0,43,0,0	
2013,NYG,P.Hillis,0,246,2,0	
2013,NYG,S.Weatherford,0,2,1,0	
2013,NYJ,A.Green,0,35,0,0	
2013,NYJ,B.Pierce,0,7,0,0	
2013,NYJ,B.Powell,30,666,1,0	
2013,NYJ,C.Ivory,0,822,3,0	
2013,NYJ,G.Smith,3089,387,24,0	
2013,NYJ,J.Cribbs,38,55,0,0	
2013,NYJ,J.Kerley,0,11,0,0	
2013,NYJ,M.Goodson,0,62,0,0	
2013,NYJ,M.Simms,156,48,1,0	
2013,NYJ,S.Hakim,0,8,0,0	
2013,NYJ,S.Richardson,0,4,2,0	
2013,NYJ,T.Bohanon,0,75,0,0	
2013,NYJ,T.Choice,0,1,0,0	
2013,OAK,D.McFadden,16,390,6,0	
2013,OAK,J.Ford,0,9,0,0	
2013,OAK,J.Olawale,0,6,0,0	
2013,OAK,J.Stewart,0,2,1,0	
2013,OAK,M. McCants,0,15,0,0	
2013,OAK,M. McGloin,0,1,1,0	
2013,OAK,M. Watson,0,16,0,0	
2013,OAK,M.Flynn,246,4,2,0	
2013,OAK,M.McGloin,1542,30,10,0	
2013,OAK,M.Reece,22,210,2,0	
2013,OAK,R.Jennings,0,718,5,0	
2013,OAK,R.Streater,0,17,0,0	
2013,OAK,T. Pryor,0,8,0,0	
2013,OAK,T.Jones,0,23,0,0	
2013,OAK,T.Pryor,1832,576,11,0	
2013,PHI,B.Brown,0,315,2,1	
2013,PHI,B.Smith,0,3,0,0	
2013,PHI,C.Polk,0,98,3,1	
2013,PHI,D.Jackson,0,2,0,0	
2013,PHI,L.McCoy,0,1622,10,0	
2013,PHI,M.Barkley,300,-1,0,0	
2013,PHI,M.Vick,1218,305,8,0	
2013,PHI,N.Foles,2922,248,31,5	
2013,PHI,Z.Ertz,0,0,0,1	
2013,PIT,A.Brown,15,12,0,0	
2013,PIT,B.Roethlisberger,4176,106,32,1	
2013,PIT,E.Sanders,0,0,0,1	
2013,PIT,F.Jones,0,187,0,0	
2013,PIT,F.Whittaker,0,2,0,0	
2013,PIT,I.Redman,0,14,0,0	
2013,PIT,J.Dwyer,0,170,0,0	
2013,PIT,L.Bell,0,873,9,0	
2013,PIT,L.Stephens-Howling,0,19,0,0	
2013,PIT,M.Bush,0,15,0,0	
2013,PIT,M.Forte,0,2,0,0	
2013,PIT,M.McBriar,30,0,0,0	
2013,PIT,NA,1,9,0,0	
2013,SD,D.Woodhead,0,432,3,0	
2013,SD,E.Royal,0,21,0,0	
2013,SD,E.Weddle,0,4,0,0	
2013,SD,L.McClain,0,32,0,0	
2013,SD,P.Rivers,4600,80,36,0	
2013,SD,R.Brown,0,157,1,0	
2013,SD,R.Mathews,0,1255,6,0	
2013,SEA,A.Bailey,0,1,0,0	
2013,SEA,C.Michael,0,74,0,0	
2013,SEA,D.Baldwin,0,6,0,0	
2013,SEA,D.Coleman,0,3,0,0	
2013,SEA,D.Robinson,0,10,0,0	
2013,SEA,G.Tate,0,29,0,0	
2013,SEA,J.Todman,0,6,0,0	
2013,SEA,M.Jones-Drew,0,46,0,0	
2013,SEA,M.Lynch,0,1239,13,0	
2013,SEA,NA,0,4,0,0	
2013,SEA,R.Turbin,0,261,1,0	
2013,SEA,R.Wilson,3393,544,27,1	
2013,SEA,S.Taylor,0,4,0,0	
2013,SEA,S.Ware,0,10,0,0	
2013,SEA,T.Jackson,151,0,1,0	
2013,SF,A.Boldin,0,11,0,0	
2013,SF,A.Dixon,0,62,2,0	
2013,SF,A.Ellington,0,9,0,0	
2013,SF,B.Miller,0,13,0,0	
2013,SF,C. McCoy,0,13,0,0	
2013,SF,C.Kaepernick,3227,529,25,0	
2013,SF,C.McCoy,13,0,0,0	
2013,SF,D.Kilgore,0,12,2,0	
2013,SF,F.Gore,0,1119,7,0	
2013,SF,K.Hunter,0,342,3,0	
2013,SF,K.Williams,0,23,0,0	
2013,SF,L.James,0,59,0,0	
2013,SF,M.Moore,0,9,0,0	
2013,SF,Q.Patton,0,26,0,0	
2013,SF,R.Mendenhall,0,5,0,0	
2013,SF,S.Taylor,0,1,0,0	
2013,STL,B.Cunningham,0,260,1,1	
2013,STL,B.Tate,0,1,0,0	
2013,STL,C.Givens,0,8,0,0	
2013,STL,D.Richardson,0,215,0,0	
2013,STL,I.Pead,0,21,0,0	
2013,STL,K.Clemens,1673,72,10,2	
2013,STL,S.Bailey,0,33,1,0	
2013,STL,S.Bradford,1692,39,17,1	
2013,STL,T.Austin,0,151,1,0	
2013,STL,Z.Stacy,0,976,7,0	
2013,TB,B.Leonard,0,177,0,0	
2013,TB,B.Rainey,0,534,5,0	
2013,TB,D.Goldson,0,22,0,0	
2013,TB,D.Martin,0,417,1,0	
2013,TB,D.Sproles,0,9,0,0	
2013,TB,E.Page,0,19,0,0	
2013,TB,J.Demps,0,14,0,0	
2013,TB,J.Freeman,571,25,2,0	
2013,TB,M.Glennon,2650,70,20,0	
2013,TB,M.Hill,0,20,0,0	
2013,TB,M.Ingram,0,7,0,0	
2013,TB,M.James,2,295,1,0	
2013,TB,P.Thomas,0,19,0,0	
2013,TB,S.Dawson,0,15,0,0	
2013,TB,T.Wright,0,2,0,0	
2013,TEN,C.Johnson,0,1057,6,0	
2013,TEN,D.Brown,0,13,0,0	
2013,TEN,J.Battle,0,142,1,0	
2013,TEN,J.Locker,1283,160,10,0	
2013,TEN,NA,0,4,0,0	
2013,TEN,R.Fitzpatrick,2463,217,18,0	
2013,TEN,R.Jennings,0,6,0,0	
2013,TEN,S.Greene,0,294,4,0	
2013,TEN,T.Richardson,0,5,0,0	
2013,WAS,A.Morris,0,1284,7,0	
2013,WAS,D.Young,0,41,3,0	
2013,WAS,J.Morgan,0,4,0,0	
2013,WAS,J.Reed,0,18,0,0	
2013,WAS,K.Cousins,855,14,5,1	
2013,WAS,P.Garcon,0,19,0,0	
2013,WAS,R.Griffin,3271,489,19,4	
2013,WAS,R.Helu,0,272,4,0	
2013,WAS,S.Moss,0,28,0,0	
2014,ARI,A.Ellington,0,663,3,0	
2014,ARI,C.Palmer,1628,26,12,1	
2014,ARI,D.Stanton,1715,78,8,1	
2014,ARI,J.Cooper,0,2,0,0	
2014,ARI,J.Dwyer,0,51,1,1	
2014,ARI,K.Williams,0,246,0,0	
2014,ARI,L.Thomas,81,0,1,0	
2014,ARI,M.Floyd,0,2,0,0	
2014,ARI,M.Grice,0,41,1,0	
2014,ARI,R.Housler,0,1,0,0	
2014,ARI,R.Hughes,0,11,0,0	
2014,ARI,R.Lindley,562,0,2,0	
2014,ARI,S.Taylor,0,209,1,1	
2014,ARI,T.Ginn,10,6,0,0	
2014,ATL,A.Smith,0,144,2,0	
2014,ATL,D.Freeman,0,261,1,0	
2014,ATL,D.Hester,0,36,1,0	
2014,ATL,G.Carimi,0,5,1,0	
2014,ATL,J.Jones,0,9,0,0	
2014,ATL,J.Rodgers,0,206,1,1	
2014,ATL,M.Ryan,4738,134,32,1	
2014,ATL,R.Schraeder,0,9,0,0	
2014,ATL,S.Jackson,0,702,6,0	
2014,ATL,T.Yates,64,0,1,0	
2014,BAL,A.Bradshaw,0,3,0,0	
2014,BAL,A.Luck,0,27,1,0	
2014,BAL,B.Pierce,0,343,3,0	
2014,BAL,C.Shaw,0,27,0,0	
2014,BAL,F.Toussaint,0,12,0,0	
2014,BAL,I.Crowell,0,9,0,0	
2014,BAL,J.Flacco,3686,70,28,0	
2014,BAL,J.Forsett,0,1149,7,2	
2014,BAL,J.Jones,0,16,0,0	
2014,BAL,L.Taliaferro,0,264,3,0	
2014,BAL,T.Richardson,0,31,0,0	
2014,BAL,T.West,0,24,0,0	
2014,BUF,A.Dixon,0,431,2,0	
2014,BUF,B.Brown,0,126,0,0	
2014,BUF,C.Spiller,0,301,0,0	
2014,BUF,E.Manuel,844,58,7,0	
2014,BUF,F.Jackson,0,528,2,1	
2014,BUF,F.Summers,0,17,1,0	
2014,BUF,K.Orton,3032,24,20,1	
2014,BUF,M.Goodwin,0,8,0,0	
2014,BUF,S.Watkins,0,8,0,0	
2014,CAR,C.Brown,0,81,0,0	
2014,CAR,C.Newton,3157,533,26,1	
2014,CAR,C.Ogbonnaya,0,35,1,0	
2014,CAR,D.Anderson,701,25,5,1	
2014,CAR,D.Harris,0,10,0,0	
2014,CAR,D.Reaves,0,77,0,0	
2014,CAR,D.Williams,0,224,0,0	
2014,CAR,E.Lacy,0,17,0,0	
2014,CAR,F.Whittaker,0,146,1,0	
2014,CAR,J.Avant,0,1,0,0	
2014,CAR,J.Stewart,0,811,3,0	
2014,CAR,M.Tolbert,0,78,0,0	
2014,CHI,A.Jeffery,0,33,0,0	
2014,CHI,C.Leno,0,1,0,0	
2014,CHI,D.Freeman,0,6,1,0	
2014,CHI,D.McCray,0,2,0,0	
2014,CHI,Dn.Thomas,0,4,0,0	
2014,CHI,J.Clausen,232,9,2,0	
2014,CHI,J.Cutler,3841,212,32,4	
2014,CHI,J.Morgan,0,30,0,0	
2014,CHI,K.Carey,0,158,0,0	
2014,CHI,M.Forte,0,1030,5,1	
2014,CIN,A.Dalton,3482,182,25,1	
2014,CIN,A.Green,0,7,0,0	
2014,CIN,B.Tate,0,21,0,0	
2014,CIN,C.Peerman,0,40,0,0	
2014,CIN,G.Bernard,0,680,5,0	
2014,CIN,J.Campbell,74,4,0,0	
2014,CIN,J.Hill,0,1126,9,0	
2014,CIN,J.Wright,0,30,0,0	
2014,CIN,M.Sanu,79,51,1,0	
2014,CIN,R.Burkhead,0,27,1,0	
2014,CLE,A.Hawkins,0,15,0,0	
2014,CLE,B.Hoyer,3371,32,12,1	
2014,CLE,B.Tate,0,310,3,0	
2014,CLE,C.Shaw,177,14,1,0	
2014,CLE,C.Whitehurst,0,2,0,0	
2014,CLE,D.Carr,0,5,1,0	
2014,CLE,D.McFadden,0,10,0,0	
2014,CLE,I.Crowell,0,563,8,0	
2014,CLE,J.Forsett,0,21,0,0	
2014,CLE,J.Manziel,177,29,2,0	
2014,CLE,J.Tucker,0,3,0,0	
2014,CLE,L.Taliaferro,0,17,0,0	
2014,CLE,M.Jones-Drew,0,6,0,0	
2014,CLE,NA,0,36,0,0	
2014,CLE,R.Agnew,0,2,0,0	
2014,CLE,S.Jackson,0,4,0,0	
2014,CLE,T.Benjamin,0,11,0,0	
2014,CLE,T.Gabriel,0,16,0,0	
2014,CLE,T.West,0,618,4,0	
2014,DAL,A.Morris,0,72,0,0	
2014,DAL,A.Williams,0,5,0,0	
2014,DAL,B.Weeden,303,10,3,0	
2014,DAL,C.McCoy,0,5,0,0	
2014,DAL,D.Harris,0,7,0,0	
2014,DAL,D.Murray,0,1752,14,0	
2014,DAL,D.Robinson,0,4,0,0	
2014,DAL,H.Hynoski,0,9,0,0	
2014,DAL,J.Randle,0,323,3,0	
2014,DAL,J.Todman,0,1,0,0	
2014,DAL,L.Dunbar,0,175,0,0	
2014,DAL,R.Jennings,0,9,0,0	
2014,DAL,T.Romo,3748,74,37,0	
2014,DEN,B.Osweiler,52,6,1,0	
2014,DEN,C.Anderson,0,850,9,0	
2014,DEN,D.Bruton,0,13,0,0	
2014,DEN,E.Sanders,0,44,0,0	
2014,DEN,J.Stewart,0,22,0,0	
2014,DEN,J.Thompson,0,272,3,0	
2014,DEN,M.Ball,0,172,1,0	
2014,DEN,NA,0,0,1,0	
2014,DEN,P.Manning,4745,-1,40,2	
2014,DEN,R.Hillman,0,463,3,0	
2014,DEN,V.Green,0,3,0,0	
2014,DET,C.Ivory,0,5,0,0	
2014,DET,G.Tate,0,30,0,0	
2014,DET,G.Winn,0,73,0,0	
2014,DET,J.Bell,0,860,7,1	
2014,DET,J.Collins,0,19,0,0	
2014,DET,M.Stafford,4280,104,25,2	
2014,DET,NA,0,6,0,0	
2014,DET,R.Bush,0,293,2,0	
2014,DET,S.Martin,27,0,0,0	
2014,DET,T.Riddick,0,51,0,0	
2014,GB,A.Rodgers,4415,283,40,2	
2014,GB,C.Newton,0,16,0,0	
2014,GB,D.Harris,0,65,0,0	
2014,GB,E.Lacy,0,1134,10,0	
2014,GB,J.Kuhn,0,79,1,0	
2014,GB,J.Starks,0,326,2,0	
2014,GB,J.Stewart,0,16,0,0	
2014,GB,M.Flynn,58,0,0,0	
2014,GB,R.Cobb,0,37,0,0	
2014,HOU,A.Blue,0,537,2,0	
2014,HOU,A.Foster,5,1257,10,0	
2014,HOU,A.Morris,0,3,0,0	
2014,HOU,C.Keenum,435,27,3,0	
2014,HOU,C.Polk,0,7,0,0	
2014,HOU,D.Johnson,0,19,0,0	
2014,HOU,D.Young,0,4,0,0	
2014,HOU,J.Grimes,0,154,0,0	
2014,HOU,R.Brown,0,4,0,0	
2014,HOU,R.Fitzpatrick,2498,187,20,0	
2014,HOU,R.Griffin,0,2,0,0	
2014,HOU,R.Mallett,460,4,2,0	
2014,HOU,S.Lechler,10,0,0,0	
2014,HOU,T.Savage,127,-3,0,0	
2014,IND,A.Bradshaw,0,415,2,0	
2014,IND,A.Luck,4879,337,48,2	
2014,IND,D.Herron,0,351,1,0	
2014,IND,D.Moncrief,0,17,0,0	
2014,IND,J.Forsett,0,13,0,0	
2014,IND,J.Reitz,0,2,0,0	
2014,IND,L.Taliaferro,0,4,0,0	
2014,IND,M.Hasselbeck,301,-5,2,0	
2014,IND,T.Hilton,0,20,0,1	
2014,IND,T.Richardson,0,522,3,0	
2014,IND,Z.Tipton,0,18,0,0	
2014,JAC,B.Bortles,2909,407,15,3	
2014,JAC,B.Sankey,0,10,0,0	
2014,JAC,C.Henne,492,23,3,0	
2014,JAC,C.Shorts,32,0,1,0	
2014,JAC,D.Murray,0,1,0,0	
2014,JAC,D.Robinson,0,592,3,0	
2014,JAC,J.Randle,0,5,0,0	
2014,JAC,J.Todman,0,180,1,0	
2014,JAC,L.Washington,0,11,0,0	
2014,JAC,M.Lee,0,3,0,0	
2014,JAC,S.Johnson,0,81,2,0	
2014,JAC,S.Redd,0,2,0,0	
2014,JAC,T.Gerhart,0,327,3,0	
2014,KC,A.Sherman,0,8,0,0	
2014,KC,A.Smith,3288,266,21,2	
2014,KC,C.Daniel,158,16,1,0	
2014,KC,C.Gray,0,31,1,0	
2014,KC,D.Colquitt,6,0,0,0	
2014,KC,D.Thomas,0,93,0,0	
2014,KC,J.Charles,0,1044,9,0	
2014,KC,J.McKnight,0,3,0,0	
2014,KC,K.Davis,0,478,6,0	
2014,MIA,C.Ivory,0,4,0,0	
2014,MIA,C.Johnson,0,20,0,0	
2014,MIA,C.Wilson,0,3,0,0	
2014,MIA,C.Woodson,0,15,0,0	
2014,MIA,D.Williams,0,122,0,0	
2014,MIA,Da.Thomas,0,24,1,0	
2014,MIA,Dn. Thomas,0,6,1,0	
2014,MIA,Dn.Thomas,0,77,0,0	
2014,MIA,J.Johnson,0,5,0,0	
2014,MIA,J.Mauga,0,10,0,0	
2014,MIA,J.Tuck,0,4,0,0	
2014,MIA,K.Mack,0,3,0,0	
2014,MIA,K.Moreno,0,148,1,0	
2014,MIA,L.James,0,9,0,0	
2014,MIA,L.Miller,0,1098,8,1	
2014,MIA,M.Forte,0,1,0,0	
2014,MIA,M.Moore,21,0,0,0	
2014,MIA,M.Wallace,0,15,0,0	
2014,MIA,N.Garner,0,10,0,0	
2014,MIA,NA,0,1,0,0	
2014,MIA,O.Darkwa,0,2,0,0	
2014,MIA,R.Matthews,0,3,0,0	
2014,MIA,R.Tannehill,4046,309,28,0	
2014,MIA,U.Young,0,10,0,0	
2014,MIN,A.Peterson,0,78,0,0	
2014,MIN,A.Sendejo,0,48,0,0	
2014,MIN,B.Bolden,0,13,0,0	
2014,MIN,B.Tate,0,38,0,0	
2014,MIN,C.Patterson,0,124,1,0	
2014,MIN,C.Ponder,222,16,2,0	
2014,MIN,J.Banyard,0,88,0,0	
2014,MIN,J.Berger,0,1,1,0	
2014,MIN,J.Felton,0,27,0,0	
2014,MIN,J.McKinnon,0,544,1,0	
2014,MIN,J.Wright,0,71,0,0	
2014,MIN,M.Asiata,0,570,8,2	
2014,MIN,M.Cassel,441,9,4,0	
2014,MIN,T.Bridgewater,2973,217,18,2	
2014,NE,B.Bolden,0,96,1,0	
2014,NE,B.LaFell,0,13,0,0	
2014,NE,C.Fleming,0,13,1,0	
2014,NE,J.Develin,0,5,0,0	
2014,NE,J.Edelman,0,94,0,0	
2014,NE,J.Garoppolo,182,16,1,0	
2014,NE,J.Gray,0,401,4,0	
2014,NE,J.White,0,38,0,0	
2014,NE,L.Blount,0,281,3,0	
2014,NE,S.Ridley,0,342,2,0	
2014,NE,S.Vereen,0,387,2,0	
2014,NE,T.Brady,4165,77,36,1	
2014,NO,A.Johnson,0,22,0,0	
2014,NO,B.Cooks,0,73,1,0	
2014,NO,D.Brees,4986,77,37,1	
2014,NO,E.Baker,0,2,0,0	
2014,NO,E.Lorig,0,4,0,0	
2014,NO,J.Morgan,0,67,0,0	
2014,NO,K.Robinson,0,362,3,0	
2014,NO,M.Ingram,0,964,9,0	
2014,NO,N.Toon,0,4,0,0	
2014,NO,P.Thomas,0,232,2,0	
2014,NO,T.Cadet,0,32,0,0	
2014,NYG,A.Williams,0,695,7,0	
2014,NYG,D.Murray,0,12,0,0	
2014,NYG,D.Sproles,0,7,0,0	
2014,NYG,E.Manning,4439,40,33,0	
2014,NYG,H.Hynoski,0,13,0,0	
2014,NYG,L.McCoy,0,12,0,0	
2014,NYG,M.Cox,0,33,0,0	
2014,NYG,N.Foles,0,2,0,0	
2014,NYG,NA,0,5,0,0	
2014,NYG,O.Beckham,0,40,0,0	
2014,NYG,O.Darkwa,0,21,1,0	
2014,NYG,P.Hillis,0,92,0,0	
2014,NYG,R.Jennings,0,625,4,0	
2014,NYG,R.Nassib,60,0,0,0	
2014,NYG,T.Burton,0,21,0,0	
2014,NYJ,B.Powell,0,159,1,0	
2014,NYJ,C.Ivory,0,820,6,0	
2014,NYJ,C.Johnson,0,646,1,0	
2014,NYJ,C.Owusu,0,23,1,0	
2014,NYJ,G.Salas,0,20,1,0	
2014,NYJ,G.Smith,2549,236,18,3	
2014,NYJ,J.Conner,0,18,0,0	
2014,NYJ,J.Kerley,0,49,0,0	
2014,NYJ,L.Bell,0,4,0,0	
2014,NYJ,L.Blount,0,2,0,0	
2014,NYJ,L.Miller,0,16,0,0	
2014,NYJ,M.Simms,39,2,0,0	
2014,NYJ,M.Stafford,0,4,0,0	
2014,NYJ,M.Vick,604,149,3,1	
2014,NYJ,NA,0,6,0,0	
2014,NYJ,P.Harvin,0,110,0,0	
2014,NYJ,R.Quigley,38,0,0,0	
2014,NYJ,R.Tannehill,0,1,0,0	
2014,NYJ,T.Bohanon,0,3,0,0	
2014,OAK,D.Carr,3254,97,22,0	
2014,OAK,D.McFadden,0,523,2,0	
2014,OAK,D.Moore,0,1,0,0	
2014,OAK,K.Thompkins,0,5,0,0	
2014,OAK,L.Murray,0,404,2,0	
2014,OAK,M.Jones-Drew,0,109,0,0	
2014,OAK,M.McCants,0,25,0,0	
2014,OAK,M.McGloin,129,53,2,0	
2014,OAK,M.Reece,0,81,0,0	
2014,OAK,M.Schaub,57,0,1,0	
2014,OAK,NA,0,2,0,0	
2014,OAK,T.West,0,3,0,0	
2014,PHI,A.Williams,0,19,0,0	
2014,PHI,C.Hyde,0,1,0,0	
2014,PHI,C.Kaepernick,0,1,0,0	
2014,PHI,C.Polk,0,168,4,0	
2014,PHI,D.Sproles,0,293,5,0	
2014,PHI,E.Manning,0,15,0,0	
2014,PHI,F.Gore,0,4,0,0	
2014,PHI,L.McCoy,0,1237,6,0	
2014,PHI,M.Sanchez,2419,145,18,0	
2014,PHI,N.Foles,2212,64,14,0	
2014,PHI,NA,0,25,0,0	
2014,PHI,P.Hillis,0,22,0,0	
2014,PHI,R.Fitzpatrick,0,5,0,0	
2014,PHI,T.Burton,0,3,0,0	
2014,PIT,A.Brown,20,13,1,0	
2014,PIT,B.Roethlisberger,4657,40,27,3	
2014,PIT,C.Johnson,0,1,0,0	
2014,PIT,D.Archer,0,36,0,0	
2014,PIT,J.Harris,0,72,0,0	
2014,PIT,L.Bell,0,1338,8,0	
2014,PIT,L.Blount,0,241,2,0	
2014,PIT,M.Bryant,0,9,0,0	
2014,PIT,M.Wheaton,0,24,0,0	
2014,PIT,P.Harvin,0,5,0,0	
2014,PIT,R.Golden,25,0,0,0	
2014,SD,B.Oliver,0,582,3,0	
2014,SD,D.Brown,0,225,0,0	
2014,SD,D.Woodhead,0,38,0,0	
2014,SD,E.Royal,0,14,0,0	
2014,SD,K.Clemens,10,0,0,0	
2014,SD,P.Rivers,4325,113,34,0	
2014,SD,R.Brown,0,59,0,0	
2014,SD,R.Mathews,0,54,1,0	
2014,SD,Ry.Mathews,0,277,2,0	
2014,SD,S.Draughn,0,19,0,0	
2014,SEA,C.Michael,0,162,0,0	
2014,SEA,D.Baldwin,0,8,0,0	
2014,SEA,G.Gilliam,0,27,0,0	
2014,SEA,J.Kearse,17,15,0,0	
2014,SEA,J.Ryan,0,14,0,0	
2014,SEA,M.Lynch,0,1311,13,0	
2014,SEA,P.Harvin,0,92,1,0	
2014,SEA,R.Lockette,0,2,0,0	
2014,SEA,R.Turbin,0,307,0,0	
2014,SEA,R.Wilson,3502,874,26,1	
2014,SEA,W.Tukuafu,0,2,0,0	
2014,SF,A.Boldin,0,4,0,0	
2014,SF,Alf.Smith,0,19,0,0	
2014,SF,B.Ellington,0,15,1,0	
2014,SF,B.Gabbert,38,5,1,0	
2014,SF,B.Miller,0,12,0,0	
2014,SF,C.Dahl,0,3,0,0	
2014,SF,C.Hyde,0,311,4,0	
2014,SF,C.Kaepernick,3401,616,21,0	
2014,SF,D.Carrier,0,2,0,0	
2014,SF,D.Sproles,0,4,0,0	
2014,SF,F.Gore,0,1113,4,0	
2014,SF,J.Looney,0,35,0,0	
2014,SF,L.McCoy,0,50,0,0	
2014,SF,L.Murray,0,5,0,0	
2014,SF,M.Crabtree,0,4,0,0	
2014,SF,N.Foles,0,15,0,0	
2014,SF,Q.Patton,0,20,0,0	
2014,SF,V.Davis,0,4,0,0	
2014,STL,A.Davis,2014,43,16,0	
2014,STL,B.Cunningham,0,248,3,0	
2014,STL,C.Givens,0,4,0,0	
2014,STL,J.Hekker,37,0,0,1	
2014,STL,K.Britt,0,14,0,0	
2014,STL,S.Bailey,0,13,0,0	
2014,STL,S.Hill,1657,19,10,0	
2014,STL,T.Austin,0,224,2,0	
2014,STL,T.Mason,0,768,4,0	
2014,STL,T.Watts,0,30,0,0	
2014,STL,Z.Stacy,0,296,1,0	
2014,TB,B.Rainey,0,406,1,0	
2014,TB,C.Sims,0,185,1,0	
2014,TB,D.Martin,0,503,2,0	
2014,TB,J.Lane,0,58,0,0	
2014,TB,J.McCown,2214,127,15,0	
2014,TB,M.Glennon,1446,55,12,0	
2014,TB,M.James,0,37,0,0	
2014,TB,S.Patton,0,19,0,0	
2014,TEN,A.Morris,0,18,0,0	
2014,TEN,B.Sankey,0,553,2,0	
2014,TEN,C.McCoy,0,2,0,0	
2014,TEN,C.Spencer,0,11,0,0	
2014,TEN,C.Whitehurst,1283,92,7,0	
2014,TEN,D.McCluster,0,132,0,0	
2014,TEN,J.Battle,0,8,1,0	
2014,TEN,J.Locker,999,146,7,0	
2014,TEN,J.Palmer,7,0,0,0	
2014,TEN,K.Wright,0,54,0,0	
2014,TEN,L.Washington,0,48,0,1	
2014,TEN,NA,0,4,0,0	
2014,TEN,R.Helu,0,3,0,0	
2014,TEN,S.Greene,0,390,2,0	
2014,TEN,S.Johnson,0,2,0,0	
2014,TEN,Z.Mettenberger,1389,8,8,0	
2014,WAS,A.Morris,0,989,8,0	
2014,WAS,A.Roberts,0,21,0,0	
2014,WAS,B.Sankey,0,35,0,0	
2014,WAS,C.McCoy,1057,80,4,0	
2014,WAS,C.Thompson,0,12,0,0	
2014,WAS,C.Whitehurst,0,11,0,0	
2014,WAS,D.Jackson,0,18,0,0	
2014,WAS,D.McCluster,0,5,0,0	
2014,WAS,D.Murray,0,3,0,0	
2014,WAS,D.Young,0,6,2,0	
2014,WAS,J.Battle,0,2,0,0	
2014,WAS,J.Randle,0,4,0,0	
2014,WAS,K.Cousins,1698,22,11,0	
2014,WAS,L.Washington,0,12,0,0	
2014,WAS,NA,0,34,0,0	
2014,WAS,R.Griffin,1697,199,7,1	
2014,WAS,R.Helu,0,178,2,0	
2014,WAS,S.Redd,0,55,0,0	
2014,WAS,T.Compton,0,26,2,0	
2014,WAS,T.Way,0,2,0,0	
2015,ARI,A.Ellington,0,239,2,0	
2015,ARI,B.Brown,0,8,0,0	
2015,ARI,C.Johnson,0,848,4,0	
2015,ARI,C.Michael,0,2,0,0	
2015,ARI,C.Palmer,4672,40,37,0	
2015,ARI,D.Johnson,0,572,9,0	
2015,ARI,D.Stanton,104,-1,0,0	
2015,ARI,JO.Brown,0,13,0,0	
2015,ARI,Jo.Brown,0,9,0,0	
2015,ARI,K.Williams,0,106,0,0	
2015,ARI,M.Lynch,0,8,0,0	
2015,ARI,R.Wilson,0,5,0,0	
2015,ARI,S.Taylor,0,87,1,0	
2015,ARI,T.Gurley,0,15,0,0	
2015,ATL,B.Gabbert,0,8,0,0	
2015,ATL,D.Freeman,0,1096,12,0	
2015,ATL,E.Weems,0,8,0,0	
2015,ATL,M.Ryan,4606,93,25,2	
2015,ATL,P.Thomas,0,1,0,0	
2015,ATL,S.Draughn,0,5,0,0	
2015,ATL,S.Renfree,11,-4,0,0	
2015,ATL,T.Coleman,0,392,1,0	
2015,ATL,T.Ward,0,95,1,0	
2015,BAL,G.Bernard,0,2,0,0	
2015,BAL,J.Allen,0,514,2,0	
2015,BAL,J.Clausen,555,33,3,0	
2015,BAL,J.Flacco,2797,24,18,3	
2015,BAL,J.Forsett,0,661,2,0	
2015,BAL,J.Ross,0,2,0,0	
2015,BAL,K.Juszczyk,0,3,0,0	
2015,BAL,L.Taliaferro,0,47,1,0	
2015,BAL,M.Campanaro,0,17,1,0	
2015,BAL,M.Schaub,530,17,5,0	
2015,BAL,NA,0,1,0,0	
2015,BAL,R.Mallett,619,4,3,0	
2015,BAL,T.Magee,0,5,0,0	
2015,BAL,T.West,0,173,0,0	
2015,BUF,A.Dixon,0,44,1,0	
2015,BUF,C.Hogan,4,4,0,0	
2015,BUF,C.Kouandjio,0,6,0,0	
2015,BUF,C.Wood,0,3,0,0	
2015,BUF,D.Herron,0,37,0,0	
2015,BUF,E.Manuel,564,66,5,0	
2015,BUF,J.Felton,0,2,0,0	
2015,BUF,K.Williams,0,141,2,0	
2015,BUF,Ka.Williams,0,370,5,0	
2015,BUF,L.McCoy,0,919,3,1	
2015,BUF,M.Gillislee,0,267,3,0	
2015,BUF,P.Harvin,0,31,0,1	
2015,BUF,S.Watkins,0,1,0,0	
2015,BUF,T.Taylor,3043,588,25,2	
2015,CAR,A.Bradshaw,0,2,0,0	
2015,CAR,A.Johnson,0,12,0,0	
2015,CAR,B.Bortles,0,2,0,0	
2015,CAR,C.Artis-Payne,0,182,1,0	
2015,CAR,C.Brown,0,38,0,0	
2015,CAR,C.Newton,3851,620,43,0	
2015,CAR,C.Scott,0,2,2,0	
2015,CAR,D.Anderson,36,6,0,0	
2015,CAR,D.Robinson,0,2,0,0	
2015,CAR,F.Gore,0,24,0,0	
2015,CAR,F.Whittaker,0,118,1,0	
2015,CAR,J.Cotchery,0,16,0,0	
2015,CAR,J.Stewart,0,940,6,0	
2015,CAR,K.Robinson,0,8,0,0	
2015,CAR,M.Ingram,0,1,0,0	
2015,CAR,M.Tolbert,0,261,2,0	
2015,CAR,NA,0,7,0,0	
2015,CAR,T.Ginn,0,60,0,0	
2015,CAR,T.Yeldon,0,6,0,0	
2015,CHI,A.Smith,0,11,0,0	
2015,CHI,J. Clausen,0,4,0,0	
2015,CHI,J.Clausen,204,10,0,0	
2015,CHI,J.Cutler,3697,207,26,3	
2015,CHI,J.Langford,0,537,6,2	
2015,CHI,J.Rodgers,0,50,0,0	
2015,CHI,K.Carey,0,161,2,0	
2015,CHI,M.Forte,0,894,4,0	
2015,CIN,A.Dalton,3292,153,30,0	
2015,CIN,A.McCarron,860,37,7,0	
2015,CIN,G.Bernard,0,718,2,0	
2015,CIN,J.Fisher,0,3,1,0	
2015,CIN,J.Forsett,0,4,0,0	
2015,CIN,J.Hill,0,809,10,1	
2015,CIN,M.Jones,0,35,0,0	
2015,CIN,M.Sanu,0,78,2,0	
2015,CIN,NA,0,4,0,0	
2015,CIN,R.Burkhead,0,3,1,0	
2015,CLE,A.Davis,548,26,1,0	
2015,CLE,C.West,0,14,0,0	
2015,CLE,D.Johnson Jr,0,190,0,0	
2015,CLE,D.Johnson,0,179,0,0	
2015,CLE,De.Williams,0,4,0,0	
2015,CLE,G.Winston,0,1,0,0	
2015,CLE,I.Crowell,0,710,4,0	
2015,CLE,J.Manziel,1500,215,7,0	
2015,CLE,J.McCown,2143,99,15,3	
2015,CLE,J.Poyer,0,10,0,0	
2015,CLE,NA,0,11,0,0	
2015,CLE,R.Turbin,0,60,0,0	
2015,CLE,S.Draughn,0,10,0,0	
2015,CLE,T.Benjamin,0,12,0,0	
2015,CLE,T.West,0,7,0,0	
2015,DAL,B.Weeden,740,34,2,0	
2015,DAL,C.Michael,0,51,0,0	
2015,DAL,D.McFadden,0,1081,3,0	
2015,DAL,J.Randle,0,247,4,0	
2015,DAL,K.Moore,778,0,4,0	
2015,DAL,L.Dunbar,0,67,0,0	
2015,DAL,L.Whitehead,0,107,0,0	
2015,DAL,M.Cassel,1328,85,8,1	
2015,DAL,R.Turbin,0,139,1,0	
2015,DAL,T.Romo,528,15,4,0	
2015,DEN,A.Caldwell,0,3,0,0	
2015,DEN,A.Smith,0,11,0,0	
2015,DEN,B.Osweiler,1967,56,11,0	
2015,DEN,C.Anderson,0,711,7,0	
2015,DEN,C.Latimer,0,1,0,0	
2015,DEN,C.West,0,32,0,0	
2015,DEN,E.Sanders,0,29,0,0	
2015,DEN,J.Thompson,0,48,0,0	
2015,DEN,M.Garcia,0,4,0,0	
2015,DEN,P.Manning,2320,0,13,0	
2015,DEN,R.Hillman,0,834,7,1	
2015,DET,A.Abdullah,0,602,2,0	
2015,DET,D. Orlovsky,0,9,0,0	
2015,DET,D.Orlovsky,201,0,1,0	
2015,DET,G.Tate,0,41,0,0	
2015,DET,G.Winn,0,1,0,0	
2015,DET,I.Abdul-Quddus,0,34,0,0	
2015,DET,J.Bell,0,311,4,2	
2015,DET,M.Burton,0,2,0,0	
2015,DET,M.Stafford,4282,179,34,1	
2015,DET,T.Riddick,0,133,0,0	
2015,DET,Z.Zenner,0,51,0,0	
2015,GB,A.Harris,0,19,0,0	
2015,GB,A.Rodgers,3877,356,33,5	
2015,GB,E.Lacy,0,760,3,0	
2015,GB,J.Crockett,0,21,0,0	
2015,GB,J.Kuhn,0,30,1,0	
2015,GB,J.Starks,0,601,4,0	
2015,GB,J.Tretter,0,3,1,0	
2015,GB,R.Cobb,0,50,0,0	
2015,GB,R.Rodgers,0,11,0,0	
2015,GB,S.Tolzien,4,2,0,0	
2015,GB,T.Masthay,0,7,0,0	
2015,GB,T.Montgomery,0,14,0,0	
2015,HOU,A.Blue,0,698,2,0	
2015,HOU,A.Foster,0,165,2,0	
2015,HOU,A.Hunt,0,96,0,0	
2015,HOU,B.Daniels,7,10,0,0	
2015,HOU,B.Hoyer,2629,52,22,1	
2015,HOU,B.Weeden,320,21,4,0	
2015,HOU,C.Polk,0,333,1,0	
2015,HOU,C.Shorts,0,48,0,0	
2015,HOU,J.Grimes,0,281,1,1	
2015,HOU,J.Prosch,0,33,0,0	
2015,HOU,NA,21,6,1,0	
2015,HOU,R.Mallett,791,6,4,1	
2015,HOU,T.Yates,370,7,3,0	
2015,IND,A.Bradshaw,0,79,0,0	
2015,IND,A.Luck,1894,175,15,2	
2015,IND,C.Ivory,0,10,0,0	
2015,IND,C.Newton,0,19,0,0	
2015,IND,C.Whitehurst,150,2,0,0	
2015,IND,D.Allen,0,1,0,0	
2015,IND,D.Cobb,0,6,0,0	
2015,IND,D.Herron,0,42,0,0	
2015,IND,F.Gore,0,961,6,0	
2015,IND,J.Reitz,0,9,0,0	
2015,IND,J.Robinson,0,52,0,0	
2015,IND,J.Stewart,0,17,0,0	
2015,IND,Jo.Freeman,149,17,1,0	
2015,IND,K.Holmes,0,8,0,0	
2015,IND,M.Hasselbeck,1693,25,9,0	
2015,IND,NA,0,3,0,0	
2015,IND,P.Dorsett,0,17,0,0	
2015,IND,P.McAfee,0,18,0,0	
2015,IND,R.Lindley,58,0,1,0	
2015,IND,T.Varga,0,2,0,0	
2015,IND,T.Williams,0,12,0,0	
2015,IND,Z.Tipton,0,20,0,0	
2015,JAC,B.Bortles,4410,297,42,5	
2015,JAC,B.Pierce,0,11,0,0	
2015,JAC,C.Grant,0,10,1,0	
2015,JAC,C.Newton,0,25,0,0	
2015,JAC,D.Robinson,0,252,1,0	
2015,JAC,J.Gray,0,54,0,0	
2015,JAC,J.Stewart,0,13,0,0	
2015,JAC,M.Lee,0,38,0,0	
2015,JAC,T.Alualu,0,1,1,0	
2015,JAC,T.Gerhart,0,44,0,0	
2015,JAC,T.Hightower,0,5,0,0	
2015,JAC,T.Washington,0,8,0,0	
2015,JAC,T.Yeldon,0,738,3,0	
2015,KC,A.Smith,3544,472,23,2	
2015,KC,A.Wilson,0,23,0,0	
2015,KC,B.Osweiler,0,11,0,0	
2015,KC,C.Daniel,4,0,0,0	
2015,KC,C.Santos,3,0,0,0	
2015,KC,C.West,0,624,4,0	
2015,KC,D.Colquitt,0,0,0,1	
2015,KC,D.Poe,0,1,1,0	
2015,KC,D.Thomas,0,34,1,0	
2015,KC,J.Charles,0,364,5,0	
2015,KC,J.Maclin,0,11,0,0	
2015,KC,J.Manziel,0,3,0,0	
2015,KC,K.Davis,0,72,1,0	
2015,KC,NA,0,1,0,0	
2015,KC,R.Hillman,0,4,0,0	
2015,KC,S.Ware,0,404,6,0	
2015,KC,T.Taylor,0,5,0,0	
2015,MIA,D.Williams,0,46,0,0	
2015,MIA,Da.Williams,0,13,0,0	
2015,MIA,J.Ajayi,0,187,1,0	
2015,MIA,J.Gray,0,116,0,0	
2015,MIA,J.Landry,9,134,1,0	
2015,MIA,J.Linkenbach,0,6,0,0	
2015,MIA,Ka.Williams,0,8,0,0	
2015,MIA,L.Miller,0,864,8,0	
2015,MIA,M.Moore,14,0,0,0	
2015,MIA,R.Matthews,0,4,0,0	
2015,MIA,R.Tannehill,4223,149,27,2	
2015,MIN,A.Peterson,0,1490,12,0	
2015,MIN,A.Thielen,0,89,0,0	
2015,MIN,C.Patterson,0,15,0,0	
2015,MIN,J.McKinnon,0,271,2,0	
2015,MIN,J.Wright,0,29,0,0	
2015,MIN,M.Asiata,0,112,0,0	
2015,MIN,M.Wallace,0,6,0,0	
2015,MIN,S.Diggs,0,13,0,0	
2015,MIN,S.Hill,15,0,0,0	
2015,MIN,T.Bridgewater,3231,199,17,1	
2015,MIN,Z.Line,0,10,2,0	
2015,NE,B.Bolden,0,207,0,0	
2015,NE,B.LaFell,0,9,0,0	
2015,NE,D.Amendola,36,11,0,0	
2015,NE,D.Johnson,0,6,0,0	
2015,NE,D.Lewis,0,234,2,0	
2015,NE,J.Edelman,0,23,0,0	
2015,NE,J.Garoppolo,6,0,0,0	
2015,NE,J.Iosefa,0,51,0,0	
2015,NE,J.White,0,56,2,0	
2015,NE,K.Martin,0,6,0,0	
2015,NE,L.Blount,0,695,6,0	
2015,NE,S.Jackson,0,50,1,0	
2015,NE,T.Brady,4807,75,42,0	
2015,NO,A.Johnson,0,12,1,0	
2015,NO,B.Cooks,0,18,0,0	
2015,NO,C.Newton,0,2,0,0	
2015,NO,C.Spiller,0,109,0,0	
2015,NO,D.Brees,4919,30,36,1	
2015,NO,K.Hunter,0,2,0,0	
2015,NO,K.Robinson,0,180,3,0	
2015,NO,L.McCown,336,0,0,1	
2015,NO,M.Ingram,0,765,8,1	
2015,NO,NA,0,1,0,0	
2015,NO,S.Kelemete,0,58,0,0	
2015,NO,T.Cadet,0,12,0,0	
2015,NO,T.Hightower,0,317,4,0	
2015,NYG,A.Williams,0,241,1,1	
2015,NYG,D.Harris,0,1,0,0	
2015,NYG,D.Murray,0,5,0,0	
2015,NYG,E.Manning,4256,71,38,0	
2015,NYG,K.Barner,0,5,0,0	
2015,NYG,O.Beckham Jr,0,8,0,0	
2015,NYG,O.Darkwa,0,153,1,0	
2015,NYG,R.Jennings,0,804,2,0	
2015,NYG,R.Nassib,68,0,1,0	
2015,NYG,S.Vereen,0,245,0,0	
2015,NYJ,A.Luck,0,16,0,0	
2015,NYJ,B.Powell,0,309,1,0	
2015,NYJ,C.Ivory,0,1046,7,0	
2015,NYJ,F.Gore,0,7,0,0	
2015,NYJ,G. Smith,0,7,0,0	
2015,NYJ,G.Smith,265,34,2,0	
2015,NYJ,J.Reitz,0,1,0,0	
2015,NYJ,R.Fitzpatrick,3914,288,33,0	
2015,NYJ,S.Ridley,0,90,0,0	
2015,NYJ,T.Bohanon,0,2,0,0	
2015,NYJ,Z.Stacy,0,89,1,0	
2015,OAK,C.Woodson,0,5,0,0	
2015,OAK,D.Brown,0,8,0,0	
2015,OAK,D.Carr,4051,146,36,2	
2015,OAK,D.Woodhead,0,9,0,0	
2015,OAK,J.Olawale,0,111,1,0	
2015,OAK,K.Barnes,0,5,0,0	
2015,OAK,L.Murray,0,1064,6,0	
2015,OAK,M.McGloin,142,0,2,1	
2015,OAK,M.Reece,0,30,0,0	
2015,OAK,R.Helu,0,39,0,0	
2015,OAK,T.Jones,0,72,0,0	
2015,PHI,D.Murray,0,691,6,0	
2015,PHI,D.Sproles,0,317,3,0	
2015,PHI,K.Barner,0,122,0,0	
2015,PHI,M.Sanchez,616,23,5,0	
2015,PHI,NA,0,7,0,0	
2015,PHI,R.Jennings,0,6,0,0	
2015,PHI,R.Mathews,0,539,6,0	
2015,PHI,S.Bradford,3788,33,21,0	
2015,PHI,S.Vereen,0,2,0,0	
2015,PIT,A.Brown,0,28,0,0	
2015,PIT,B.Roethlisberger,3990,38,22,10	
2015,PIT,C.Kaepernick,0,11,0,0	
2015,PIT,D.Williams,0,210,5,0	
2015,PIT,De.Williams,0,690,6,0	
2015,PIT,F.Toussaint,0,42,0,0	
2015,PIT,H.Miller,0,2,0,0	
2015,PIT,I.Crowell,0,4,0,0	
2015,PIT,J.Manziel,0,4,0,0	
2015,PIT,J.Todman,0,8,0,0	
2015,PIT,L.Bell,0,556,3,0	
2015,PIT,L.Jones,513,0,3,1	
2015,PIT,M.Bryant,0,37,1,0	
2015,PIT,M.Davis,0,8,0,0	
2015,PIT,M.Vick,371,105,2,0	
2015,PIT,W.Johnson,0,7,1,0	
2015,SD,B.Oliver,0,108,0,0	
2015,SD,D.Brown,0,223,1,0	
2015,SD,D.Carr,0,4,0,0	
2015,SD,D.Johnson,0,4,0,0	
2015,SD,D.Woodhead,0,297,3,0	
2015,SD,J.Herndon,0,13,0,0	
2015,SD,K.Clemens,63,0,1,0	
2015,SD,L.Murray,0,40,0,0	
2015,SD,M.Gordon,0,641,0,0	
2015,SD,P.Rivers,4825,34,35,3	
2015,SEA,A.Bailey,0,1,1,0	
2015,SEA,A.Ellington,0,13,0,0	
2015,SEA,B.Brown,0,72,0,0	
2015,SEA,B.Cunningham,0,9,0,0	
2015,SEA,C.Johnson,0,7,1,0	
2015,SEA,C.Michael,0,160,0,0	
2015,SEA,D.Coleman,0,32,0,0	
2015,SEA,D.Harris,0,51,0,0	
2015,SEA,D.Johnson,0,7,0,0	
2015,SEA,F.Jackson,0,95,0,0	
2015,SEA,I.Pead,0,1,0,0	
2015,SEA,K.Williams,0,3,0,0	
2015,SEA,M.Lynch,0,417,1,0	
2015,SEA,M.Tolbert,0,8,0,0	
2015,SEA,N.Foles,0,7,0,0	
2015,SEA,NA,1,4,0,0	
2015,SEA,R.Smith,0,5,0,0	
2015,SEA,R.Wilson,4095,590,36,3	
2015,SEA,T.Austin,0,24,0,0	
2015,SEA,T.Jackson,37,0,0,0	
2015,SEA,T.Lockett,0,30,0,0	
2015,SEA,T.Rawls,0,820,4,1	
2015,SEA,W.Tukuafu,0,10,2,0	
2015,SF,B.Gabbert,2048,172,11,0	
2015,SF,B.Miller,0,13,1,0	
2015,SF,C.Hyde,0,471,3,0	
2015,SF,C.Kaepernick,1616,272,9,2	
2015,SF,D.Freeman,0,13,0,0	
2015,SF,D.Harris,0,140,0,0	
2015,SF,De.Williams,0,7,0,0	
2015,SF,J.Hayne,0,52,0,0	
2015,SF,K.Gaskins,0,42,0,0	
2015,SF,M.Davis,0,53,1,0	
2015,SF,NA,0,11,0,0	
2015,SF,P.Thomas,0,34,0,0	
2015,SF,Q.Patton,0,5,0,0	
2015,SF,R.Bush,0,28,0,0	
2015,SF,S.Draughn,0,236,1,0	
2015,SF,T.Cadet,0,16,0,0	
2015,STL,B.Cunningham,0,121,1,0	
2015,STL,C.Givens,0,24,0,0	
2015,STL,C.Keenum,828,11,4,0	
2015,STL,F.Jackson,0,9,0,0	
2015,STL,J.Hekker,20,0,0,0	
2015,STL,K.Williams,0,12,0,0	
2015,STL,M.Brown,0,17,0,0	
2015,STL,M.Lynch,0,11,0,0	
2015,STL,N.Foles,2072,25,9,1	
2015,STL,NA,7,0,0,0	
2015,STL,S.Mannion,31,0,0,0	
2015,STL,T.Austin,0,380,4,0	
2015,STL,T.Gurley,0,1164,10,1	
2015,STL,T.Mason,0,194,1,0	
2015,TB,A.Bradshaw,0,14,0,0	
2015,TB,B.Rainey,0,18,0,0	
2015,TB,C.Sims,0,533,0,0	
2015,TB,D.Martin,0,1369,5,0	
2015,TB,J.Winston,4114,213,32,2	
2015,TB,K.Pamphile,0,38,1,0	
2015,TEN,A.Andrews,41,520,5,0	
2015,TEN,A.Tanney,106,0,1,0	
2015,TEN,B.Sankey,0,193,1,0	
2015,TEN,D.Cobb,0,160,1,0	
2015,TEN,D.McCluster,0,247,1,0	
2015,TEN,D.Walker,0,36,0,0	
2015,TEN,J.Fowler,0,13,1,1	
2015,TEN,J.Poutasi,0,7,0,0	
2015,TEN,K.Wright,0,17,0,0	
2015,TEN,M.Mariota,2819,253,23,3	
2015,TEN,T.McBride,0,8,0,0	
2015,TEN,T.West,0,51,0,0	
2015,TEN,Z.Mettenberger,960,14,6,1	
2015,WAS,A.Morris,0,747,1,0	
2015,WAS,C.McCoy,128,0,1,0	
2015,WAS,C.Thompson,0,216,0,0	
2015,WAS,D.Martin,0,1,0,0	
2015,WAS,D.Young,0,18,0,0	
2015,WAS,J.Crowder,0,2,0,0	
2015,WAS,K.Cousins,4215,77,37,3	
2015,WAS,M.Jones,0,491,3,0	
2015,WAS,P.Thomas,0,52,0,0	
2016,ARI,A.Ellington,0,96,0,0	
2016,ARI,C.Johnson,0,103,1,0	
2016,ARI,C.Palmer,4213,46,28,4	
2016,ARI,D. Stanton,0,5,0,0	
2016,ARI,D.Butler,0,53,1,0	
2016,ARI,D.Johnson,0,1230,16,0	
2016,ARI,D.Stanton,192,0,2,0	
2016,ARI,J.Nelson,0,83,1,0	
2016,ARI,Jo.Brown,0,10,0,0	
2016,ARI,K.Williams,0,173,2,0	
2016,ARI,L.Fitzgerald,0,1,0,0	
2016,ARI,S.Taylor,0,12,0,0	
2016,ATL,C.Anderson,0,23,0,0	
2016,ATL,D.Freeman,0,1073,11,0	
2016,ATL,M.Ryan,4980,126,40,6	
2016,ATL,M.Sanu,0,5,0,0	
2016,ATL,M.Schaub,16,0,0,0	
2016,ATL,P.Barber,0,2,0,0	
2016,ATL,P.Lynch,0,5,0,0	
2016,ATL,S.Ridley,0,7,0,0	
2016,ATL,T.Coleman,0,535,8,0	
2016,ATL,T.Gabriel,0,51,1,0	
2016,ATL,T.Ward,0,146,0,0	
2016,BAL,B.Perriman,0,2,0,0	
2016,BAL,C.Moore,0,9,0,0	
2016,BAL,J.Allen,0,41,0,0	
2016,BAL,J.Flacco,4341,60,24,4	
2016,BAL,J.Forsett,0,78,0,0	
2016,BAL,K.Dixon,0,377,2,0	
2016,BAL,K.Juszczyk,0,22,1,0	
2016,BAL,L.McCoy,0,5,0,0	
2016,BAL,M.Campanaro,0,72,0,0	
2016,BAL,M.Wallace,0,22,0,0	
2016,BAL,NA,0,7,0,0	
2016,BAL,R.Burkhead,0,13,0,0	
2016,BAL,R.Bush,0,8,0,0	
2016,BAL,R.Mallett,26,0,0,0	
2016,BAL,T.Taylor,0,2,0,0	
2016,BAL,T.West,0,791,5,0	
2016,BUF,B.Tate,0,18,0,0	
2016,BUF,C.Jones,96,-1,0,0	
2016,BUF,E.Manuel,131,43,0,1	
2016,BUF,J.Felton,0,13,0,0	
2016,BUF,J.Forsett,0,2,0,0	
2016,BUF,J.Williams,0,95,1,0	
2016,BUF,L.McCoy,0,1277,12,1	
2016,BUF,M.Gillislee,0,578,8,0	
2016,BUF,P.Harvin,0,11,0,0	
2016,BUF,R.Bush,0,3,1,0	
2016,BUF,R.Woods,0,6,0,0	
2016,BUF,T.Taylor,3013,598,24,2	
2016,BUF,T.West,0,3,0,0	
2016,BUF,sion. Direct,0,3,0,0	
2016,CAR,C.Artis-Payne,0,144,2,0	
2016,CAR,C.Brown,0,6,0,0	
2016,CAR,C.Newton,3583,346,28,5	
2016,CAR,C.Scott,0,3,2,0	
2016,CAR,D.Anderson,453,4,3,1	
2016,CAR,D.Hawkins,0,2,0,0	
2016,CAR,D.Yankey,0,10,0,0	
2016,CAR,F.Whittaker,0,262,0,0	
2016,CAR,J.Stewart,0,811,7,0	
2016,CAR,K.Farrow,0,11,0,0	
2016,CAR,M.Tolbert,0,98,0,0	
2016,CAR,NA,0,28,0,0	
2016,CAR,T.Benjamin,0,5,0,0	
2016,CAR,T.Ginn,0,93,1,0	
2016,CHI,B.Addison,0,4,0,0	
2016,CHI,B.Hoyer,1452,-9,6,0	
2016,CHI,C.Meredith,2,8,1,0	
2016,CHI,C.Prosinski,0,2,0,0	
2016,CHI,D.Fales,22,0,0,0	
2016,CHI,J.Bell,0,6,0,0	
2016,CHI,J.Bellamy,0,37,0,0	
2016,CHI,J.Cutler,1059,21,5,0	
2016,CHI,J.Howard,0,1311,6,0	
2016,CHI,J.Langford,0,199,3,0	
2016,CHI,K.Carey,0,125,0,0	
2016,CHI,K.White,0,9,0,0	
2016,CHI,M.Asiata,0,16,0,0	
2016,CHI,M.Barkley,1611,5,8,0	
2016,CHI,M.Brown,0,2,0,0	
2016,CHI,M.McCants,0,2,1,0	
2016,CHI,P.Lasike,0,8,0,0	
2016,CHI,R.Hillman,0,7,0,0	
2016,CIN,A.Dalton,4221,203,21,0	
2016,CIN,C.Peerman,0,30,0,0	
2016,CIN,G.Bernard,0,348,2,0	
2016,CIN,J.Hill,0,844,9,0	
2016,CIN,K.Dixon,0,13,0,0	
2016,CIN,L.Bell,0,17,0,0	
2016,CIN,NA,0,6,0,0	
2016,CIN,R.Burkhead,0,279,3,0	
2016,CIN,T.Boyd,0,58,0,0	
2016,CIN,T.West,0,7,0,0	
2016,CLE,C.Coleman,0,10,0,0	
2016,CLE,C.Kessler,1404,19,6,2	
2016,CLE,C.Whitehurst,182,2,1,1	
2016,CLE,D.Johnson Jr,0,199,0,0	
2016,CLE,D.Johnson,0,175,1,0	
2016,CLE,G.Atkinson,0,34,1,0	
2016,CLE,I.Crowell,0,944,7,0	
2016,CLE,J.McCown,1124,21,6,1	
2016,CLE,K.Hogan,110,105,1,0	
2016,CLE,M.Johnson,0,2,0,0	
2016,CLE,R.Griffin,886,190,4,0	
2016,CLE,T.Pryor,41,20,1,0	
2016,DAL,A.Morris,0,242,2,0	
2016,DAL,D.Bryant,10,0,1,0	
2016,DAL,D.McFadden,0,87,0,0	
2016,DAL,D.Prescott,3715,295,30,2	
2016,DAL,E.Elliott,0,1667,14,0	
2016,DAL,J.Looney,0,16,1,0	
2016,DAL,K.Smith,0,5,0,0	
2016,DAL,L.Dunbar,0,31,1,0	
2016,DAL,L.Whitehead,0,79,0,0	
2016,DAL,M.Sanchez,109,1,0,0	
2016,DAL,NA,7,1,0,0	
2016,DAL,T.Romo,29,0,1,0	
2016,DEN,A.Janovich,0,33,1,0	
2016,DEN,B.McManus,0,6,0,0	
2016,DEN,C.Anderson,0,415,4,0	
2016,DEN,D.Booker,0,616,4,0	
2016,DEN,D.Freeman,0,12,0,0	
2016,DEN,E.Sanders,0,4,0,0	
2016,DEN,J.Forsett,0,187,1,0	
2016,DEN,J.Thompson,0,26,1,0	
2016,DEN,K.Bibbs,0,129,0,0	
2016,DEN,P.Lynch,497,29,2,0	
2016,DEN,R.Dixon,16,0,0,0	
2016,DEN,T.Coleman,0,6,0,0	
2016,DEN,T.Siemian,3450,77,19,1	
2016,DET,A.Abdullah,0,101,0,0	
2016,DET,D.Washington,0,263,1,0	
2016,DET,E.Ebron,0,1,1,0	
2016,DET,G.Tate,0,10,0,0	
2016,DET,J.Forsett,0,38,0,0	
2016,DET,J.McKinnon,0,4,0,0	
2016,DET,M.Asiata,0,15,0,0	
2016,DET,M.Jones,0,3,0,0	
2016,DET,M.Stafford,4378,200,28,1	
2016,DET,T.Riddick,0,349,1,0	
2016,DET,Z.Kerin,0,7,0,0	
2016,DET,Z.Zenner,0,340,4,0	
2016,GB,A.Ripkowski,0,150,2,0	
2016,GB,A.Rodgers,4450,386,44,3	
2016,GB,B.Hundley,17,4,0,0	
2016,GB,C.Michael,0,114,1,0	
2016,GB,D.Jackson,0,32,0,0	
2016,GB,E.Lacy,0,360,0,0	
2016,GB,J.Janis,0,38,1,0	
2016,GB,J.Starks,0,145,0,1	
2016,GB,K.Davis,0,5,0,0	
2016,GB,R.Cobb,0,33,0,0	
2016,GB,T.Montgomery,0,457,3,0	
2016,HOU,A.Blue,0,416,1,0	
2016,HOU,A.Hunt,0,142,2,0	
2016,HOU,B.Osweiler,2971,130,17,0	
2016,HOU,D.Murray,0,7,0,0	
2016,HOU,J.Grimes,0,105,0,0	
2016,HOU,J.Prosch,0,9,0,0	
2016,HOU,K.Lamm,0,2,0,0	
2016,HOU,L.Blount,0,1,0,0	
2016,HOU,L.Miller,0,1081,6,0	
2016,HOU,L.Murray,0,3,0,0	
2016,HOU,M.Watson,0,5,0,0	
2016,HOU,NA,0,1,0,0	
2016,HOU,T.Ervin,0,3,0,0	
2016,HOU,T.Savage,461,16,0,0	
2016,IND,A.Luck,4263,344,33,3	
2016,IND,D.Washington,0,1,0,0	
2016,IND,F.Gore,0,1029,4,0	
2016,IND,J.Ferguson,0,20,0,0	
2016,IND,J.Todman,0,59,0,0	
2016,IND,L.Murray,0,11,1,0	
2016,IND,P.Dorsett,0,10,0,0	
2016,IND,P.McAfee,35,0,0,0	
2016,IND,Q.Bray,0,7,0,0	
2016,IND,R.Turbin,0,164,7,0	
2016,IND,S.Tolzien,216,6,1,0	
2016,JAC,B.Bortles,320,3,1,0	
2016,JAC,D.Robinson,0,7,0,0	
2016,JAC,T.Yeldon,0,39,1,0	
2016,JAX,A.Wilson,0,4,0,0	
2016,JAX,B.Bortles,3646,322,28,2	
2016,JAX,B.Hill,0,11,0,0	
2016,JAX,B.Walters,0,4,0,0	
2016,JAX,C.Grant,0,168,1,0	
2016,JAX,C.Ivory,0,412,3,0	
2016,JAX,C.West,0,43,0,0	
2016,JAX,D.Robinson,0,137,0,0	
2016,JAX,J.Banyard,0,7,0,0	
2016,JAX,K.Davis,0,28,0,0	
2016,JAX,M.Asiata,0,9,0,0	
2016,JAX,M.Lee,20,30,1,0	
2016,JAX,NA,0,12,0,0	
2016,JAX,S.Wynn,0,5,0,0	
2016,JAX,T.Yeldon,0,409,0,0	
2016,KC,A.Smith,3538,151,21,1	
2016,KC,A.Wilson,0,55,1,0	
2016,KC,B.Bortles,0,4,0,0	
2016,KC,C.Ivory,0,9,0,0	
2016,KC,C.West,0,319,1,0	
2016,KC,D.Poe,2,1,2,0	
2016,KC,D.Thomas,0,29,0,0	
2016,KC,J.Charles,0,40,1,0	
2016,KC,K.Davis,0,8,0,0	
2016,KC,N.Foles,447,0,3,0	
2016,KC,S.Ware,0,925,4,0	
2016,KC,T.Hill,0,263,3,0	
2016,LA,B.Cunningham,0,102,0,0	
2016,LA,B.Marquez,0,2,0,0	
2016,LA,C.Keenum,2184,58,13,1	
2016,LA,J.Goff,1099,26,7,0	
2016,LA,J.Hekker,4,0,0,0	
2016,LA,M.Brown,0,39,0,0	
2016,LA,S.Mannion,19,-1,1,0	
2016,LA,T.Austin,0,159,1,0	
2016,LA,T.Gurley,0,884,6,0	
2016,LA,T.Johnson,0,45,0,0	
2016,MIA,A.Foster,0,55,0,0	
2016,MIA,D.Williams,0,129,3,0	
2016,MIA,I.Pead,0,22,0,0	
2016,MIA,J.Ajayi,0,1253,8,0	
2016,MIA,J.Grant,0,1,0,0	
2016,MIA,J.Landry,0,17,0,0	
2016,MIA,K.Drake,0,177,2,0	
2016,MIA,M.Darr,0,1,0,0	
2016,MIA,M.Moore,719,5,8,0	
2016,MIA,R.Tannehill,3039,173,22,2	
2016,MIA,S.Young,0,16,0,0	
2016,MIN,A.Peterson,0,72,0,0	
2016,MIN,A.Thielen,0,15,0,0	
2016,MIN,C.Patterson,0,36,0,0	
2016,MIN,C.Robinson,0,7,0,0	
2016,MIN,D.Washington,0,2,0,0	
2016,MIN,G.Tate,0,3,0,0	
2016,MIN,J.Howard,0,9,0,0	
2016,MIN,J.McKinnon,0,549,3,2	
2016,MIN,K.Carey,0,6,0,0	
2016,MIN,M.Asiata,0,372,5,0	
2016,MIN,N.Easton,0,1,0,0	
2016,MIN,NA,0,1,0,0	
2016,MIN,R.Ellison,0,1,1,0	
2016,MIN,R.Hillman,0,42,0,0	
2016,MIN,S.Bradford,3855,55,20,1	
2016,MIN,S.Diggs,0,10,0,0	
2016,MIN,S.Hill,242,9,0,0	
2016,MIN,T.Riddick,0,3,0,0	
2016,MIN,T.Yeldon,0,15,0,0	
2016,MIN,Z.Line,0,10,0,0	
2016,NE,B.Bolden,0,4,0,0	
2016,NE,C.Fleming,0,2,0,0	
2016,NE,C.Hogan,0,9,0,0	
2016,NE,C.Prosise,0,2,0,0	
2016,NE,D.Foster,0,24,0,0	
2016,NE,D.Lewis,0,284,0,0	
2016,NE,J. Garoppolo,0,2,0,0	
2016,NE,J.Brissett,400,81,1,0	
2016,NE,J.Edelman,0,55,0,0	
2016,NE,J.Garoppolo,504,13,4,0	
2016,NE,J.White,0,160,0,0	
2016,NE,L.Blount,0,1169,19,0	
2016,NE,M.Bennett,0,10,0,0	
2016,NE,M.Slater,0,5,0,0	
2016,NE,T.Brady,3546,74,28,2	
2016,NO,B.Cooks,0,30,0,0	
2016,NO,C.Fleener,0,2,1,0	
2016,NO,D.Brees,5218,32,42,2	
2016,NO,D.Lasco,0,29,0,0	
2016,NO,J.Kuhn,0,37,4,0	
2016,NO,M.Ingram,0,1045,7,3	
2016,NO,NA,2,0,0,0	
2016,NO,S.Kelemete,0,3,0,0	
2016,NO,T.Cadet,0,24,0,0	
2016,NO,T.Hightower,0,543,4,0	
2016,NO,T.Hills,0,3,0,0	
2016,NO,T.Lewis,0,11,0,0	
2016,NO,W.Lutz,0,88,0,0	
2016,NO,W.Snead,50,0,1,0	
2016,NYG,B.Rainey,0,63,0,0	
2016,NYG,E.Manning,4029,11,27,0	
2016,NYG,NA,6,0,0,0	
2016,NYG,O.Beckham,0,9,0,0	
2016,NYG,O.Darkwa,0,111,2,0	
2016,NYG,P.Perkins,0,456,0,0	
2016,NYG,R.Jennings,0,587,3,0	
2016,NYG,S.Shepard,0,31,0,0	
2016,NYG,S.Vereen,0,160,1,0	
2016,NYJ,B.Petty,801,20,3,1	
2016,NYJ,B.Powell,0,719,3,0	
2016,NYJ,B.Wilds,0,27,0,0	
2016,NYJ,C.Spiller,0,9,0,0	
2016,NYJ,C.Watts,0,8,0,0	
2016,NYJ,D.Williams,0,3,0,0	
2016,NYJ,G.Smith,126,9,1,0	
2016,NYJ,J.Ajayi,0,13,0,0	
2016,NYJ,K.Robinson,0,24,0,0	
2016,NYJ,L.Edwards,0,0,1,0	
2016,NYJ,M.Forte,0,805,7,0	
2016,NYJ,Q.Enunwa,0,12,0,0	
2016,NYJ,R.Anderson,0,42,0,0	
2016,NYJ,R.Fitzpatrick,2721,115,15,0	
2016,NYJ,T.Pope,0,1,0,0	
2016,OAK,C.Cook,150,0,1,1	
2016,OAK,D.Carr,3965,95,28,6	
2016,OAK,D.Washington,0,460,2,0	
2016,OAK,J.Holton,0,36,0,0	
2016,OAK,J.Olawale,0,47,2,0	
2016,OAK,J.Richard,0,492,1,0	
2016,OAK,L.Murray,0,775,12,0	
2016,OAK,M.King,0,32,0,0	
2016,OAK,M.McGloin,50,5,0,0	
2016,OAK,M.Watson,0,7,0,0	
2016,OAK,V.Alexander,0,7,0,0	
2016,PHI,B.Marshall,0,66,0,0	
2016,PHI,B.Treggs,0,7,0,0	
2016,PHI,C.Daniel,16,0,0,0	
2016,PHI,C.Wentz,3746,168,18,3	
2016,PHI,D.Gordon,0,1,0,0	
2016,PHI,D.Sproles,0,438,2,0	
2016,PHI,J.Huff,-5,10,0,0	
2016,PHI,K.Barner,0,129,2,0	
2016,PHI,M.Tobin,0,7,0,0	
2016,PHI,N.Agholor,0,32,0,0	
2016,PHI,R.Mathews,0,653,8,2	
2016,PHI,T.Watson,0,28,1,0	
2016,PHI,W.Smallwood,0,314,1,0	
2016,PIT,A.Brown,0,9,0,0	
2016,PIT,A.Dalton,0,5,0,0	
2016,PIT,B.Roethlisberger,3740,25,30,9	
2016,PIT,D.Heyward-Bey,0,60,1,0	
2016,PIT,D.Richardson,0,7,0,0	
2016,PIT,D.Williams,0,343,4,0	
2016,PIT,E.Rogers,0,6,0,0	
2016,PIT,F.Toussaint,0,58,0,0	
2016,PIT,J.Hill,0,34,0,0	
2016,PIT,L.Bell,0,1235,7,0	
2016,PIT,L.Jones,578,0,5,0	
2016,PIT,R.Burkhead,0,4,0,0	
2016,PIT,S.Coates,0,10,0,0	
2016,SD,A.Williams,0,87,0,0	
2016,SD,C.Newton,0,9,0,0	
2016,SD,D.McCluster,0,2,0,0	
2016,SD,D.Watt,0,4,0,0	
2016,SD,D.Woodhead,0,116,0,0	
2016,SD,F.Whittaker,0,11,0,0	
2016,SD,J.Stewart,0,29,0,0	
2016,SD,K.Farrow,0,141,0,0	
2016,SD,M.Gordon,0,997,10,0	
2016,SD,P.Rivers,4392,41,36,1	
2016,SD,R.Hillman,0,81,0,0	
2016,SD,T.Benjamin,22,-1,0,0	
2016,SEA,A.Collins,0,126,1,0	
2016,SEA,C.Michael,0,477,6,0	
2016,SEA,C.Prosise,0,162,1,0	
2016,SEA,C.Spiller,0,9,0,0	
2016,SEA,D.Baldwin,15,2,1,0	
2016,SEA,G.Farmer,0,1,0,0	
2016,SEA,G.Gilliam,0,6,0,0	
2016,SEA,J.McKissic,0,2,0,0	
2016,SEA,NA,0,26,0,0	
2016,SEA,P.Richardson,0,5,0,0	
2016,SEA,R.Wilson,4218,276,23,2	
2016,SEA,T.Boykin,145,6,1,0	
2016,SEA,T.Lockett,0,114,1,0	
2016,SEA,T.Magee,0,12,0,0	
2016,SEA,T.McEvoy,43,0,0,0	
2016,SEA,T.Pope,0,43,0,0	
2016,SEA,T.Rawls,0,351,3,0	
2016,SEA,W.Tukuafu,0,2,0,0	
2016,SF,B.Gabbert,907,175,7,0	
2016,SF,C.Hyde,0,991,7,1	
2016,SF,C.Kaepernick,2248,477,18,1	
2016,SF,D.Harris,0,144,0,0	
2016,SF,M.Davis,0,49,1,0	
2016,SF,R.Mostert,0,6,0,0	
2016,SF,S.Draughn,0,216,4,0	
2016,TB,A.Humphries,0,18,0,0	
2016,TB,A.Smith,0,46,0,0	
2016,TB,C.Sims,0,153,1,0	
2016,TB,D.Martin,0,411,3,0	
2016,TB,G.Cherilus,0,23,0,0	
2016,TB,J.Huff,0,5,0,0	
2016,TB,J.Rodgers,0,549,2,0	
2016,TB,J.Winston,4130,177,31,6	
2016,TB,L.Wester,0,9,0,0	
2016,TB,M.Glennon,75,0,1,1	
2016,TB,M.Ingram,0,1,0,0	
2016,TB,M.James,0,19,0,0	
2016,TB,P.Barber,0,220,1,0	
2016,TB,R.Shepard,0,9,0,0	
2016,TEN,A.Andrews,0,15,0,0	
2016,TEN,B.Kern,0,0,0,1	
2016,TEN,D.Henry,0,497,5,0	
2016,TEN,D.Murray,10,1281,10,0	
2016,TEN,D.Walker,0,3,0,0	
2016,TEN,J.Fowler,0,3,0,0	
2016,TEN,J.Prosch,0,10,0,0	
2016,TEN,K.Wright,0,15,0,0	
2016,TEN,M.Cassel,279,5,3,0	
2016,TEN,M.Mariani,0,15,0,0	
2016,TEN,M.Mariota,3441,407,33,3	
2016,TEN,NA,0,2,0,0	
2016,TEN,T.Sharpe,0,1,0,0	
2016,WAS,C.Thompson,0,343,3,1	
2016,WAS,K.Cousins,4944,113,31,3	
2016,WAS,M.Brown,0,79,1,0	
2016,WAS,M.Jones,0,461,3,0	
2016,WAS,R.Kelley,0,708,5,0	
2016,WAS,T.Nsekhe,0,11,2,0	
2016,WAS,T.Way,31,0,0,0	
2017,ARI,A.Ellington,0,46,1,0	
2017,ARI,A.Peterson,0,351,1,0	
2017,ARI,C.Johnson,0,116,0,0	
2017,ARI,C.Palmer,1996,15,14,1	
2017,ARI,D.Stanton,550,9,3,0	
2017,ARI,Da.Johnson,0,23,0,0	
2017,ARI,E.Boehm,0,1,1,0	
2017,ARI,E.Penny,0,1,0,0	
2017,ARI,F.Gore,0,9,0,0	
2017,ARI,J.Brown,0,10,0,0	
2017,ARI,J.Nelson,0,30,0,0	
2017,ARI,K.Williams,0,54,1,0	
2017,ARI,W.Holden,0,21,0,0	
2017,ATL,D.Coleman,0,8,0,0	
2017,ATL,D.Freeman,0,519,5,0	
2017,ATL,M.Bosher,0,4,0,0	
2017,ATL,M.Ryan,2387,83,14,1	
2017,ATL,M.Sanu,0,12,0,0	
2017,ATL,T.Coleman,0,425,2,0	
2017,ATL,T.Gabriel,0,20,0,0	
2017,ATL,T.Ward,0,23,0,0	
2017,BAL,A.Collins,0,515,0,0	
2017,BAL,B.Rainey,0,2,0,0	
2017,BAL,D.Murray,0,19,0,0	
2017,BAL,D.Woodhead,0,4,0,0	
2017,BAL,J.Allen,0,376,1,0	
2017,BAL,J.Flacco,1553,11,9,0	
2017,BAL,L.Bell,0,0,0,1	
2017,BAL,M.Campanaro,0,33,0,0	
2017,BAL,M.Wallace,0,4,0,0	
2017,BAL,M.Williams,0,2,0,0	
2017,BAL,R.Mallett,56,0,3,0	
2017,BAL,S.Koch,16,0,0,0	
2017,BAL,T.West,0,139,2,0	
2017,BAL,V.Mayle,0,2,1,0	
2017,BUF,D.Washington,0,25,0,0	
2017,BUF,J.Olawale,0,2,0,0	
2017,BUF,J.Richard,0,16,0,0	
2017,BUF,L.McCoy,0,455,4,0	
2017,BUF,M.Tolbert,0,130,0,0	
2017,BUF,N.Peterman,79,0,1,0	
2017,BUF,T.Taylor,1461,230,10,0	
2017,CAR,A.Silatolu,0,3,0,0	
2017,CAR,C.Artis-Payne,0,79,1,0	
2017,CAR,C.McCaffrey,0,204,2,0	
2017,CAR,C.Newton,2261,519,20,0	
2017,CAR,C.Samuel,0,64,0,0	
2017,CAR,D.Anderson,17,0,0,0	
2017,CAR,D.Byrd,0,12,0,0	
2017,CAR,F.Whittaker,0,10,0,0	
2017,CAR,J.Stewart,0,448,1,0	
2017,CAR,L.Blount,0,3,0,0	
2017,CAR,NA,0,8,0,0	
2017,CAR,R.Shepard,0,11,0,0	
2017,CAR,T.Larsen,0,5,0,0	
2017,CAR,T.Moton,0,5,0,0	
2017,CHI,B.Cunningham,0,30,0,0	
2017,CHI,Jo.Howard,0,750,3,0	
2017,CHI,M.Burton,0,7,0,0	
2017,CHI,M.Glennon,833,5,5,0	
2017,CHI,M.Trubisky,843,117,5,2	
2017,CHI,NA,38,0,1,0	
2017,CHI,T.Cohen,21,236,3,0	
2017,CIN,A.Dalton,1997,63,13,0	
2017,CIN,A.Erickson,0,17,0,0	
2017,CIN,G.Bernard,0,113,0,0	
2017,CIN,J.Hill,0,122,0,0	
2017,CIN,J.Mixon,0,321,3,0	
2017,CIN,J.Ross,0,12,0,0	
2017,CLE,A.Abdullah,0,2,0,0	
2017,CLE,B.Treggs,0,6,0,0	
2017,CLE,C.Kessler,135,0,0,0	
2017,CLE,D.Johnson,0,237,2,0	
2017,CLE,D.Kizer,1376,191,8,0	
2017,CLE,D.Njoku,0,1,0,0	
2017,CLE,I.Crowell,0,442,3,1	
2017,CLE,K.Hogan,531,71,5,0	
2017,CLE,M.Dayes,0,9,0,0	
2017,CLE,NA,0,1,0,0	
2017,CLE,R.Higgins,0,4,0,0	
2017,DAL,A.Morris,0,93,0,0	
2017,DAL,C.Rush,2,18,0,0	
2017,DAL,D.Prescott,2037,222,24,2	
2017,DAL,E.Elliott,0,775,8,0	
2017,DAL,NA,0,70,0,0	
2017,DAL,R.Smith,0,80,0,0	
2017,DAL,R.Switzer,0,6,0,0	
2017,DAL,T.Austin,0,17,0,0	
2017,DAL,T.Gurley,0,16,0,0	
2017,DEN,A.Janovich,0,8,0,0	
2017,DEN,B.Osweiler,447,0,2,0	
2017,DEN,C.Anderson,0,539,1,0	
2017,DEN,D.Booker,0,107,1,0	
2017,DEN,D.Henderson,0,1,0,0	
2017,DEN,D.Stephenson,0,2,0,0	
2017,DEN,I.McKenzie,0,4,0,0	
2017,DEN,J.Charles,0,280,2,0	
2017,DEN,O.Darkwa,0,3,0,0	
2017,DEN,T.Siemian,1713,93,11,1	
2017,DET,A.Abdullah,0,459,2,0	
2017,DET,D.Johnson,0,8,0,0	
2017,DET,D.Washington,0,44,0,0	
2017,DET,G.Tate,0,17,0,0	
2017,DET,I.Crowell,0,18,0,0	
2017,DET,J.Agnew,0,4,0,0	
2017,DET,J.Rudock,0,0,0,1	
2017,DET,J.Stewart,0,8,0,0	
2017,DET,K.Redfern,0,21,0,0	
2017,DET,M.Stafford,2476,90,22,3	
2017,DET,T.Riddick,0,89,0,0	
2017,DET,Z.Zenner,0,16,1,0	
2017,GB,A.Jones,0,363,3,0	
2017,GB,A.Ripkowski,0,9,0,0	
2017,GB,A.Rodgers,1386,88,14,1	
2017,GB,B.Hundley,709,86,5,0	
2017,GB,J.Williams,0,101,1,0	
2017,GB,R.Cobb,0,19,0,0	
2017,GB,T.Davis,0,9,0,0	
2017,GB,T.Montgomery,0,273,3,0	
2017,HOU,A.Blue,0,43,0,0	
2017,HOU,B.Ellington,0,12,0,0	
2017,HOU,B.Miller,0,1,0,0	
2017,HOU,D.Foreman,0,262,0,0	
2017,HOU,D.Watson,1699,265,23,4	
2017,HOU,L.Fournette,0,23,0,0	
2017,HOU,L.Miller,0,538,2,0	
2017,HOU,T.Ervin,0,8,0,0	
2017,HOU,T.Savage,502,1,2,0	
2017,HOU,W.Fuller,0,9,0,0	
2017,IND,C.Johnson,0,7,0,0	
2017,IND,C.Rogers,0,3,0,0	
2017,IND,F.Gore,0,494,2,0	
2017,IND,J.Brissett,2196,186,14,1	
2017,IND,J.Ferguson,0,5,0,0	
2017,IND,L.Clark,0,1,0,0	
2017,IND,M.Jones,0,14,0,0	
2017,IND,M.Mack,0,186,2,0	
2017,IND,NA,0,1,0,0	
2017,IND,R.Turbin,0,71,2,0	
2017,IND,S.Tolzien,128,3,2,0	
2017,IND,W.Holden,0,3,0,0	
2017,JAX,B.Bortles,1939,182,11,2	
2017,JAX,C.Grant,0,179,1,0	
2017,JAX,C.Ivory,0,285,1,0	
2017,JAX,J.Conner,0,90,1,0	
2017,JAX,J.Wells,0,2,1,0	
2017,JAX,L.Fournette,0,554,3,0	
2017,JAX,L.Miller,0,14,0,0	
2017,JAX,M.Lee,0,17,0,0	
2017,JAX,T.Bohanon,0,1,1,0	
2017,JAX,T.Ervin,0,7,0,0	
2017,JAX,T.Yeldon,0,174,1,0	
2017,KC,A.Hunt,0,3,0,0	
2017,KC,A.Smith,2441,185,19,1	
2017,KC,A.Wilson,0,6,0,0	
2017,KC,C.West,0,26,1,0	
2017,KC,D.Thomas,0,4,0,0	
2017,KC,K.Hunt,0,800,4,0	
2017,KC,T.Hill,0,31,0,0	
2017,KC,T.Kelce,0,7,0,0	
2017,LAC,A.Ekeler,0,124,2,0	
2017,LAC,B.Oliver,0,61,0,0	
2017,LAC,K.Allen,0,6,0,0	
2017,LAC,M.Gordon,0,553,4,0	
2017,LAC,P.Rivers,2263,8,15,1	
2017,LAC,T.Benjamin,0,54,0,0	
2017,LA,A.Morris,0,6,0,0	
2017,LA,E.Elliott,0,14,0,0	
2017,LA,G.Everett,0,13,0,0	
2017,LA,J.Goff,2393,56,17,0	
2017,LA,J.Hekker,34,0,0,0	
2017,LA,L.Dunbar,0,31,0,0	
2017,LA,M.Brown,0,129,1,0	
2017,LA,R.Switzer,0,16,0,0	
2017,LA,R.Woods,0,12,0,0	
2017,LA,S.Mannion,12,5,0,0	
2017,LA,T.Austin,0,150,2,0	
2017,LA,T.Gurley,0,743,8,0	
2017,MIA,D.Williams,0,65,0,0	
2017,MIA,J.Ajayi,0,466,0,0	
2017,MIA,J.Cutler,1530,23,12,0	
2017,MIA,K.Drake,0,176,1,1	
2017,MIA,M. Moore,0,5,0,0	
2017,MIA,M.Gray,0,3,0,0	
2017,MIA,M.Ingram,0,6,0,0	
2017,MIA,M.Moore,364,0,4,0	
2017,MIN,A.Thielen,0,11,0,0	
2017,MIN,C.Ham,0,4,1,0	
2017,MIN,C.Keenum,1950,69,11,0	
2017,MIN,D.Cook,0,360,3,0	
2017,MIN,J.McKinnon,0,332,3,1	
2017,MIN,L.Murray,0,317,2,0	
2017,MIN,S.Bradford,380,0,3,0	
2017,NE,B.Bolden,0,1,0,0	
2017,NE,B.Cooks,0,10,0,0	
2017,NE,B.Hoyer,37,0,0,0	
2017,NE,C.Hogan,0,17,0,0	
2017,NE,D.Lewis,0,326,3,0	
2017,NE,J.White,0,125,0,0	
2017,NE,M.Gillislee,0,355,4,0	
2017,NE,P.Dorsett,0,7,0,0	
2017,NE,R.Burkhead,0,100,0,0	
2017,NE,T.Brady,2786,32,19,1	
2017,NO,A.Kamara,0,413,4,0	
2017,NO,A.Peterson,0,77,0,0	
2017,NO,C.Daniel,0,3,0,0	
2017,NO,D.Brees,2394,27,16,0	
2017,NO,J.Kuhn,0,2,0,0	
2017,NO,J.LeRibeus,0,12,0,0	
2017,NO,M.Ingram,0,672,7,0	
2017,NO,T.Edmunds,0,45,1,0	
2017,NO,T.Ginn,0,32,0,0	
2017,NO,T.Lewis,0,8,0,0	
2017,NO,Z.Line,0,13,0,0	
2017,NYG,A.Barbre,0,15,0,0	
2017,NYG,E.Manning,2107,24,16,2	
2017,NYG,O.Beckham,0,8,0,0	
2017,NYG,O.Darkwa,0,400,1,1	
2017,NYG,P.Perkins,0,61,0,0	
2017,NYG,S.Shepard,0,13,0,0	
2017,NYG,S.Vereen,0,84,0,0	
2017,NYG,T.King,0,3,0,0	
2017,NYG,W.Gallman,0,202,0,0	
2017,NYJ,A.Stewart,0,22,0,0	
2017,NYJ,B.Powell,0,406,1,0	
2017,NYJ,B.Qvale,0,7,1,0	
2017,NYJ,D.Dozier,0,6,0,0	
2017,NYJ,E.McGuire,0,248,1,0	
2017,NYJ,J.McCown,2066,70,17,0	
2017,NYJ,L.Edwards,31,0,0,0	
2017,NYJ,L.Thomas,0,6,0,0	
2017,NYJ,M.Forte,0,203,2,0	
2017,NYJ,M.Hull,6,0,0,0	
2017,NYJ,NA,81,0,1,0	
2017,NYJ,R.Anderson,0,1,0,0	
2017,NYJ,T.Cadet,0,3,0,0	
2017,OAK,A.Cooper,0,4,0,0	
2017,OAK,B.Powell,0,8,1,0	
2017,OAK,C.Anderson,0,1,0,0	
2017,OAK,C.Patterson,0,118,2,0	
2017,OAK,D.Carr,1951,29,15,0	
2017,OAK,D.Washington,0,82,1,0	
2017,OAK,E.Manuel,269,15,2,0	
2017,OAK,J.Olawale,0,16,1,0	
2017,OAK,J.Richard,0,174,1,0	
2017,OAK,L.McCoy,0,8,0,0	
2017,OAK,M.Forte,0,13,0,0	
2017,OAK,M.Lynch,0,307,3,0	
2017,OAK,M.Tolbert,0,10,0,0	
2017,OAK,NA,0,1,0,0	
2017,OAK,T.Taylor,0,14,0,0	
2017,PHI,C.Clement,0,182,3,0	
2017,PHI,C.McCaffrey,0,7,0,0	
2017,PHI,C.Newton,0,7,0,0	
2017,PHI,C.Wentz,2271,219,24,0	
2017,PHI,D.Sproles,0,61,0,0	
2017,PHI,J.Ajayi,0,77,1,0	
2017,PHI,K.Barner,0,34,0,0	
2017,PHI,L.Blount,0,491,3,1	
2017,PHI,N.Foles,35,0,0,0	
2017,PHI,W.Smallwood,0,168,1,0	
2017,PIT,B.Finney,0,13,0,0	
2017,PIT,B.Roethlisberger,2306,12,14,2	
2017,PIT,C.Boswell,0,70,0,0	
2017,PIT,D.Heyward-Bey,0,3,0,0	
2017,PIT,J.Conner,0,100,0,0	
2017,PIT,L.Bell,0,852,5,0	
2017,PIT,M.Bryant,0,6,0,0	
2017,PIT,R.Golden,44,0,0,0	
2017,PIT,T.Watson,0,9,0,0	
2017,PIT,erse. First,0,7,0,0	
2017,SEA,C.Carson,0,208,0,0	
2017,SEA,C.Prosise,0,30,0,0	
2017,SEA,E.Lacy,0,128,0,0	
2017,SEA,J.McKissic,0,92,1,0	
2017,SEA,R.Wilson,2537,304,20,4	
2017,SEA,T.Lockett,0,44,0,0	
2017,SEA,T.Rawls,0,125,0,0	
2017,SF,B.Hoyer,1245,1,5,1	
2017,SF,C.Beathard,1237,113,8,0	
2017,SF,C.Hyde,0,609,4,0	
2017,SF,G.Gilliam,0,1,1,0	
2017,SF,K.Juszczyk,0,28,0,0	
2017,SF,M.Breida,0,216,1,0	
2017,SF,M.Goodwin,0,24,0,0	
2017,SF,R.Mostert,0,30,0,0	
2017,TB,B.Reedy,0,17,0,0	
2017,TB,C.Benenoch,0,1,1,0	
2017,TB,C.Sims,0,51,0,1	
2017,TB,D.Jackson,0,8,0,0	
2017,TB,D.Martin,0,304,2,0	
2017,TB,J.Rodgers,0,182,1,0	
2017,TB,J.Winston,1916,58,11,1	
2017,TB,P.Barber,0,81,0,0	
2017,TB,R.Fitzpatrick,545,50,5,3	
2017,TEN,A.Collins,0,7,0,0	
2017,TEN,A.Jackson,0,50,0,0	
2017,TEN,D.Fluellen,0,21,0,0	
2017,TEN,D.Henry,0,403,3,0	
2017,TEN,D.Murray,0,431,4,0	
2017,TEN,J.Allen,0,1,0,0	
2017,TEN,J.Fowler,0,4,1,0	
2017,TEN,M.Cassel,162,0,2,0	
2017,TEN,M.Mariota,1790,196,12,0	
2017,TEN,T.Taylor,0,30,0,0	
2017,WAS,C.Hyde,0,1,0,0	
2017,WAS,C.Thompson,0,278,2,0	
2017,WAS,J.Crowder,0,31,0,0	
2017,WAS,K.Cousins,2496,129,20,0	
2017,WAS,M.Brown,0,29,0,0	
2017,WAS,N.Paul,0,2,0,0	
2017,WAS,R.Kelley,0,194,3,0	
2017,WAS,S.Perine,0,204,0,0	
2017,WAS,T.Nsekhe,0,4,0,0	
